File Name,Frame,Timestamp,Focus,Cognitive Demand,Engagement,Memory
Hugo_Sanchez,1,00:00:00.000,83.0,22.6,60.8,34.5
Hugo_Sanchez,2,00:00:00.041,84.3,22.6,60.8,34.5
Hugo_Sanchez,3,00:00:00.083,85.3,22.5,60.7,34.4
Hugo_Sanchez,4,00:00:00.125,86.7,22.5,60.6,34.4
Hugo_Sanchez,5,00:00:00.166,87.9,22.4,60.5,34.3
Hugo_Sanchez,6,00:00:00.208,88.4,22.4,60.5,34.2
Hugo_Sanchez,7,00:00:00.250,88.5,22.3,60.6,34.0
Hugo_Sanchez,8,00:00:00.291,88.3,22.3,60.9,33.8
Hugo_Sanchez,9,00:00:00.333,88.2,22.2,61.2,33.5
Hugo_Sanchez,10,00:00:00.375,87.9,22.2,61.7,33.1
Hugo_Sanchez,11,00:00:00.416,87.5,22.1,62.2,32.8
Hugo_Sanchez,12,00:00:00.458,87.0,21.8,62.8,32.4
Hugo_Sanchez,13,00:00:00.500,86.5,21.8,63.4,32.0
Hugo_Sanchez,14,00:00:00.541,85.9,21.8,63.8,31.7
Hugo_Sanchez,15,00:00:00.583,85.4,21.8,64.2,31.5
Hugo_Sanchez,16,00:00:00.625,85.0,21.8,64.5,31.3
Hugo_Sanchez,17,00:00:00.666,84.8,21.8,64.7,31.1
Hugo_Sanchez,18,00:00:00.708,84.9,21.8,64.9,30.9
Hugo_Sanchez,19,00:00:00.750,85.1,21.8,65.0,30.7
Hugo_Sanchez,20,00:00:00.791,85.4,21.8,65.0,30.4
Hugo_Sanchez,21,00:00:00.833,85.7,21.8,65.1,30.0
Hugo_Sanchez,22,00:00:00.875,85.9,21.8,65.1,29.6
Hugo_Sanchez,23,00:00:00.916,84.3,21.8,65.1,29.1
Hugo_Sanchez,24,00:00:00.958,78.5,21.8,65.0,28.5
Hugo_Sanchez,25,00:00:01.000,71.3,22.0,65.0,28.0
Hugo_Sanchez,26,00:00:01.041,71.7,22.8,65.0,27.5
Hugo_Sanchez,27,00:00:01.083,73.0,23.1,65.1,27.2
Hugo_Sanchez,28,00:00:01.125,74.0,23.7,65.2,27.1
Hugo_Sanchez,29,00:00:01.166,74.4,24.1,65.5,27.2
Hugo_Sanchez,30,00:00:01.208,73.8,24.8,65.8,27.5
Hugo_Sanchez,31,00:00:01.250,72.6,25.8,66.3,27.9
Hugo_Sanchez,32,00:00:01.291,71.6,26.4,66.8,28.3
Hugo_Sanchez,33,00:00:01.333,71.2,26.5,67.2,28.6
Hugo_Sanchez,34,00:00:01.375,70.5,26.5,67.6,28.9
Hugo_Sanchez,35,00:00:01.416,69.3,26.5,67.9,29.0
Hugo_Sanchez,36,00:00:01.458,68.0,26.5,68.1,29.0
Hugo_Sanchez,37,00:00:01.500,67.0,26.5,68.2,28.9
Hugo_Sanchez,38,00:00:01.541,66.4,26.5,68.3,28.7
Hugo_Sanchez,39,00:00:01.583,66.1,26.5,68.3,28.6
Hugo_Sanchez,40,00:00:01.625,66.1,26.5,68.3,28.4
Hugo_Sanchez,41,00:00:01.666,66.2,26.5,68.3,28.3
Hugo_Sanchez,42,00:00:01.708,66.4,26.5,68.3,28.3
Hugo_Sanchez,43,00:00:01.750,66.5,26.5,68.2,28.2
Hugo_Sanchez,44,00:00:01.791,66.5,26.5,68.2,28.2
Hugo_Sanchez,45,00:00:01.833,66.9,26.5,68.2,28.2
Hugo_Sanchez,46,00:00:01.875,67.5,26.5,68.0,28.2
Hugo_Sanchez,47,00:00:01.916,65.7,26.5,67.7,28.2
Hugo_Sanchez,48,00:00:01.958,62.8,26.5,67.0,28.2
Hugo_Sanchez,49,00:00:02.000,62.5,26.5,65.8,28.2
Hugo_Sanchez,50,00:00:02.041,62.7,26.5,63.8,28.3
Hugo_Sanchez,51,00:00:02.083,63.3,26.5,60.8,28.3
Hugo_Sanchez,52,00:00:02.125,64.7,26.5,56.9,28.4
Hugo_Sanchez,53,00:00:02.166,65.9,26.5,51.9,28.5
Hugo_Sanchez,54,00:00:02.208,66.3,26.5,46.4,28.6
Hugo_Sanchez,55,00:00:02.250,66.1,26.5,40.5,28.8
Hugo_Sanchez,56,00:00:02.291,65.1,26.5,34.8,29.0
Hugo_Sanchez,57,00:00:02.333,63.4,64.7,29.8,29.2
Hugo_Sanchez,58,00:00:02.375,61.2,65.8,25.8,29.5
Hugo_Sanchez,59,00:00:02.416,57.5,65.4,23.1,29.8
Hugo_Sanchez,60,00:00:02.458,53.5,65.8,21.6,30.1
Hugo_Sanchez,61,00:00:02.500,50.7,60.5,21.2,30.4
Hugo_Sanchez,62,00:00:02.541,49.8,63.2,21.7,30.8
Hugo_Sanchez,63,00:00:02.583,50.2,63.5,22.7,31.2
Hugo_Sanchez,64,00:00:02.625,51.3,60.8,23.9,31.6
Hugo_Sanchez,65,00:00:02.666,52.9,61.2,25.2,31.9
Hugo_Sanchez,66,00:00:02.708,54.4,63.3,26.2,32.2
Hugo_Sanchez,67,00:00:02.750,55.5,61.4,26.8,32.5
Hugo_Sanchez,68,00:00:02.791,56.6,58.9,27.0,32.8
Hugo_Sanchez,69,00:00:02.833,57.8,60.0,26.8,32.9
Hugo_Sanchez,70,00:00:02.875,59.0,60.3,26.2,32.9
Hugo_Sanchez,71,00:00:02.916,60.1,58.5,25.2,32.8
Hugo_Sanchez,72,00:00:02.958,57.0,56.4,23.9,32.6
Hugo_Sanchez,73,00:00:03.000,49.6,54.8,22.3,32.3
Hugo_Sanchez,74,00:00:03.041,47.8,55.2,20.7,32.0
Hugo_Sanchez,75,00:00:03.083,47.8,57.9,19.1,31.6
Hugo_Sanchez,76,00:00:03.125,49.7,24.9,17.5,31.2
Hugo_Sanchez,77,00:00:03.166,51.4,24.8,16.2,30.8
Hugo_Sanchez,78,00:00:03.208,53.0,25.3,15.2,30.5
Hugo_Sanchez,79,00:00:03.250,55.0,25.3,14.4,30.3
Hugo_Sanchez,80,00:00:03.291,56.1,25.3,13.9,30.1
Hugo_Sanchez,81,00:00:03.333,55.3,25.0,13.6,30.0
Hugo_Sanchez,82,00:00:03.375,52.7,25.1,13.6,29.9
Hugo_Sanchez,83,00:00:03.416,49.1,25.2,13.6,29.7
Hugo_Sanchez,84,00:00:03.458,45.0,25.5,13.7,29.6
Hugo_Sanchez,85,00:00:03.500,41.3,25.8,13.8,29.5
Hugo_Sanchez,86,00:00:03.541,38.6,26.0,14.0,29.5
Hugo_Sanchez,87,00:00:03.583,36.8,26.4,14.3,29.7
Hugo_Sanchez,88,00:00:03.625,35.8,26.4,14.8,30.1
Hugo_Sanchez,89,00:00:03.666,35.9,25.5,15.6,30.9
Hugo_Sanchez,90,00:00:03.708,37.2,25.5,16.9,32.3
Hugo_Sanchez,91,00:00:03.750,38.2,25.9,18.7,34.4
Hugo_Sanchez,92,00:00:03.791,38.6,26.2,21.0,37.3
Hugo_Sanchez,93,00:00:03.833,38.7,26.4,23.9,41.0
Hugo_Sanchez,94,00:00:03.875,39.0,26.8,27.0,45.3
Hugo_Sanchez,95,00:00:03.916,38.3,26.9,30.4,49.9
Hugo_Sanchez,96,00:00:03.958,38.4,27.1,33.7,54.5
Hugo_Sanchez,97,00:00:04.000,43.0,52.4,36.8,58.8
Hugo_Sanchez,98,00:00:04.041,45.2,52.9,39.5,62.4
Hugo_Sanchez,99,00:00:04.083,45.9,53.2,41.6,65.3
Hugo_Sanchez,100,00:00:04.125,49.0,53.7,43.2,67.5
Hugo_Sanchez,101,00:00:04.166,52.9,54.1,44.4,68.9
Hugo_Sanchez,102,00:00:04.208,56.0,54.0,45.1,69.8
Hugo_Sanchez,103,00:00:04.250,57.8,54.0,45.5,70.2
Hugo_Sanchez,104,00:00:04.291,58.5,54.4,45.7,70.2
Hugo_Sanchez,105,00:00:04.333,58.4,54.9,45.7,69.9
Hugo_Sanchez,106,00:00:04.375,57.6,54.8,45.7,69.2
Hugo_Sanchez,107,00:00:04.416,56.5,54.6,45.7,68.1
Hugo_Sanchez,108,00:00:04.458,54.9,54.9,45.9,66.6
Hugo_Sanchez,109,00:00:04.500,52.5,55.4,46.2,64.8
Hugo_Sanchez,110,00:00:04.541,49.6,55.0,46.7,62.8
Hugo_Sanchez,111,00:00:04.583,46.7,54.6,47.4,60.9
Hugo_Sanchez,112,00:00:04.625,43.8,54.3,48.5,59.1
Hugo_Sanchez,113,00:00:04.666,40.7,30.3,49.7,57.8
Hugo_Sanchez,114,00:00:04.708,37.8,35.7,51.0,57.0
Hugo_Sanchez,115,00:00:04.750,34.7,33.1,52.3,56.7
Hugo_Sanchez,116,00:00:04.791,31.5,32.9,53.4,56.8
Hugo_Sanchez,117,00:00:04.833,29.4,32.7,54.4,57.1
Hugo_Sanchez,118,00:00:04.875,28.8,32.9,55.1,57.4
Hugo_Sanchez,119,00:00:04.916,27.1,33.0,55.5,57.5
Hugo_Sanchez,120,00:00:04.958,29.7,33.1,55.8,57.4
Hugo_Sanchez,121,00:00:05.000,39.4,33.1,56.0,56.8
Hugo_Sanchez,122,00:00:05.041,39.5,33.1,56.1,56.0
Hugo_Sanchez,123,00:00:05.083,34.0,33.4,56.4,55.0
Hugo_Sanchez,124,00:00:05.125,27.2,33.4,56.6,54.1
Hugo_Sanchez,125,00:00:05.166,25.9,53.4,56.8,53.4
Hugo_Sanchez,126,00:00:05.208,27.9,53.7,56.9,52.9
Hugo_Sanchez,127,00:00:05.250,28.7,54.0,56.8,52.8
Hugo_Sanchez,128,00:00:05.291,28.8,53.6,56.2,52.8
Hugo_Sanchez,129,00:00:05.333,30.9,54.1,55.2,52.9
Hugo_Sanchez,130,00:00:05.375,33.3,53.6,53.7,52.9
Hugo_Sanchez,131,00:00:05.416,33.7,42.6,51.6,52.5
Hugo_Sanchez,132,00:00:05.458,32.2,44.4,49.0,51.7
Hugo_Sanchez,133,00:00:05.500,28.5,45.7,46.0,50.3
Hugo_Sanchez,134,00:00:05.541,26.1,45.8,42.7,48.5
Hugo_Sanchez,135,00:00:05.583,30.5,47.1,39.3,46.4
Hugo_Sanchez,136,00:00:05.625,34.7,47.6,35.9,43.9
Hugo_Sanchez,137,00:00:05.666,38.6,37.6,32.5,41.3
Hugo_Sanchez,138,00:00:05.708,42.8,38.2,29.3,38.8
Hugo_Sanchez,139,00:00:05.750,45.7,39.0,26.4,36.5
Hugo_Sanchez,140,00:00:05.791,47.8,39.7,23.9,34.5
Hugo_Sanchez,141,00:00:05.833,48.4,23.3,22.0,33.0
Hugo_Sanchez,142,00:00:05.875,49.0,23.9,20.7,31.8
Hugo_Sanchez,143,00:00:05.916,49.5,24.0,19.9,30.9
Hugo_Sanchez,144,00:00:05.958,50.1,24.1,19.6,30.4
Hugo_Sanchez,145,00:00:06.000,51.8,23.9,19.6,30.1
Hugo_Sanchez,146,00:00:06.041,52.7,24.2,19.8,30.0
Hugo_Sanchez,147,00:00:06.083,52.6,24.1,20.2,29.9
Hugo_Sanchez,148,00:00:06.125,52.7,24.3,20.7,29.8
Hugo_Sanchez,149,00:00:06.166,53.0,24.1,21.4,29.7
Hugo_Sanchez,150,00:00:06.208,52.4,24.1,22.7,29.7
Hugo_Sanchez,151,00:00:06.250,51.7,24.1,24.6,29.7
Hugo_Sanchez,152,00:00:06.291,51.1,24.0,27.6,29.8
Hugo_Sanchez,153,00:00:06.333,50.8,24.2,31.6,30.1
Hugo_Sanchez,154,00:00:06.375,51.0,31.0,36.6,30.4
Hugo_Sanchez,155,00:00:06.416,52.1,31.0,42.2,30.9
Hugo_Sanchez,156,00:00:06.458,54.2,31.0,48.1,31.4
Hugo_Sanchez,157,00:00:06.500,57.7,31.0,53.8,31.9
Hugo_Sanchez,158,00:00:06.541,61.2,31.0,58.8,32.3
Hugo_Sanchez,159,00:00:06.583,64.2,31.0,62.8,32.7
Hugo_Sanchez,160,00:00:06.625,66.5,31.0,65.8,33.0
Hugo_Sanchez,161,00:00:06.666,68.5,31.0,67.9,33.1
Hugo_Sanchez,162,00:00:06.708,70.0,31.0,69.3,33.2
Hugo_Sanchez,163,00:00:06.750,70.9,31.0,70.0,33.3
Hugo_Sanchez,164,00:00:06.791,71.3,31.0,70.5,33.4
Hugo_Sanchez,165,00:00:06.833,71.7,31.0,70.7,33.4
Hugo_Sanchez,166,00:00:06.875,71.8,31.0,70.8,33.4
Hugo_Sanchez,167,00:00:06.916,68.9,31.1,70.9,33.4
Hugo_Sanchez,168,00:00:06.958,64.2,31.1,70.9,33.4
Hugo_Sanchez,169,00:00:07.000,63.8,31.1,70.9,33.4
Hugo_Sanchez,170,00:00:07.041,65.8,31.1,70.9,33.4
Hugo_Sanchez,171,00:00:07.083,67.5,31.1,71.0,33.4
Hugo_Sanchez,172,00:00:07.125,69.3,31.1,71.0,33.4
Hugo_Sanchez,173,00:00:07.166,70.8,31.1,71.0,33.4
Hugo_Sanchez,174,00:00:07.208,71.7,31.1,71.0,33.4
Hugo_Sanchez,175,00:00:07.250,72.1,31.1,71.0,33.4
Hugo_Sanchez,176,00:00:07.291,72.1,31.1,71.0,33.4
Hugo_Sanchez,177,00:00:07.333,71.8,31.1,71.0,33.4
Hugo_Sanchez,178,00:00:07.375,71.5,31.1,71.0,33.4
Hugo_Sanchez,179,00:00:07.416,71.3,31.1,71.0,33.4
Hugo_Sanchez,180,00:00:07.458,71.2,31.1,71.1,33.4
Hugo_Sanchez,181,00:00:07.500,71.1,31.1,71.1,33.4
Hugo_Sanchez,182,00:00:07.541,71.1,31.1,71.1,33.4
Hugo_Sanchez,183,00:00:07.583,71.2,31.1,71.1,33.4
Hugo_Sanchez,184,00:00:07.625,71.2,31.1,71.1,33.4
Hugo_Sanchez,185,00:00:07.666,71.3,31.1,71.1,33.5
Hugo_Sanchez,186,00:00:07.708,71.5,31.1,71.1,33.5
Hugo_Sanchez,187,00:00:07.750,71.5,31.1,71.1,33.5
Hugo_Sanchez,188,00:00:07.791,71.5,31.1,71.1,33.5
Hugo_Sanchez,189,00:00:07.833,71.7,31.1,71.0,33.5
Hugo_Sanchez,190,00:00:07.875,71.8,31.1,71.0,33.5
Hugo_Sanchez,191,00:00:07.916,68.8,31.1,71.0,33.5
Hugo_Sanchez,192,00:00:07.958,64.1,31.1,71.0,33.5
Hugo_Sanchez,193,00:00:08.000,63.7,31.1,71.0,33.5
Hugo_Sanchez,194,00:00:08.041,65.7,31.1,70.9,33.5
Hugo_Sanchez,195,00:00:08.083,67.4,31.1,70.6,33.6
Hugo_Sanchez,196,00:00:08.125,69.3,31.1,70.1,33.7
Hugo_Sanchez,197,00:00:08.166,70.9,31.1,69.2,33.9
Hugo_Sanchez,198,00:00:08.208,71.9,31.1,67.7,34.2
Hugo_Sanchez,199,00:00:08.250,72.3,31.1,65.4,34.7
Hugo_Sanchez,200,00:00:08.291,72.3,31.1,62.4,35.4
Hugo_Sanchez,201,00:00:08.333,71.6,31.1,58.5,36.2
Hugo_Sanchez,202,00:00:08.375,69.9,31.1,54.0,37.1
Hugo_Sanchez,203,00:00:08.416,67.3,31.1,49.1,38.0
Hugo_Sanchez,204,00:00:08.458,64.5,29.7,44.1,39.0
Hugo_Sanchez,205,00:00:08.500,61.6,29.4,39.4,39.9
Hugo_Sanchez,206,00:00:08.541,58.8,29.3,35.2,40.6
Hugo_Sanchez,207,00:00:08.583,57.2,29.4,31.9,41.3
Hugo_Sanchez,208,00:00:08.625,57.5,29.1,29.3,42.0
Hugo_Sanchez,209,00:00:08.666,60.8,29.3,27.5,42.6
Hugo_Sanchez,210,00:00:08.708,63.7,29.9,26.5,43.3
Hugo_Sanchez,211,00:00:08.750,66.8,30.2,25.9,44.1
Hugo_Sanchez,212,00:00:08.791,70.3,30.1,25.7,44.9
Hugo_Sanchez,213,00:00:08.833,73.2,30.9,25.8,45.9
Hugo_Sanchez,214,00:00:08.875,74.7,30.7,25.9,47.0
Hugo_Sanchez,215,00:00:08.916,73.5,29.1,26.1,48.1
Hugo_Sanchez,216,00:00:08.958,62.4,28.2,26.2,49.3
Hugo_Sanchez,217,00:00:09.000,44.4,28.1,26.3,50.6
Hugo_Sanchez,218,00:00:09.041,43.0,29.3,26.4,51.8
Hugo_Sanchez,219,00:00:09.083,44.6,29.9,26.4,52.9
Hugo_Sanchez,220,00:00:09.125,48.4,30.5,26.4,53.8
Hugo_Sanchez,221,00:00:09.166,52.2,31.1,26.2,54.4
Hugo_Sanchez,222,00:00:09.208,54.3,31.5,25.9,54.8
Hugo_Sanchez,223,00:00:09.250,54.1,32.3,25.6,54.9
Hugo_Sanchez,224,00:00:09.291,52.2,33.7,25.1,54.9
Hugo_Sanchez,225,00:00:09.333,50.0,33.3,24.5,54.8
Hugo_Sanchez,226,00:00:09.375,48.6,31.6,23.8,54.6
Hugo_Sanchez,227,00:00:09.416,48.9,31.2,23.1,54.6
Hugo_Sanchez,228,00:00:09.458,50.8,30.5,22.6,54.6
Hugo_Sanchez,229,00:00:09.500,54.0,30.2,22.2,54.7
Hugo_Sanchez,230,00:00:09.541,57.2,29.7,22.0,54.9
Hugo_Sanchez,231,00:00:09.583,59.8,28.7,22.1,55.1
Hugo_Sanchez,232,00:00:09.625,62.2,29.2,22.6,55.3
Hugo_Sanchez,233,00:00:09.666,64.0,29.4,23.2,55.3
Hugo_Sanchez,234,00:00:09.708,63.8,30.6,24.1,55.2
Hugo_Sanchez,235,00:00:09.750,60.4,32.4,25.0,55.0
Hugo_Sanchez,236,00:00:09.791,54.3,34.1,26.0,54.6
Hugo_Sanchez,237,00:00:09.833,49.0,34.5,26.9,54.2
Hugo_Sanchez,238,00:00:09.875,47.1,34.4,27.8,53.8
Hugo_Sanchez,239,00:00:09.916,48.2,34.5,28.6,53.5
Hugo_Sanchez,240,00:00:09.958,47.6,34.6,29.4,53.2
Hugo_Sanchez,241,00:00:10.000,43.7,33.3,30.2,53.0
Hugo_Sanchez,242,00:00:10.041,41.3,33.1,31.0,52.8
Hugo_Sanchez,243,00:00:10.083,39.7,33.6,31.7,52.7
Hugo_Sanchez,244,00:00:10.125,38.6,33.8,32.3,52.7
Hugo_Sanchez,245,00:00:10.166,37.0,33.9,32.6,52.8
Hugo_Sanchez,246,00:00:10.208,34.9,33.3,32.6,52.9
Hugo_Sanchez,247,00:00:10.250,33.3,33.7,32.2,53.1
Hugo_Sanchez,248,00:00:10.291,32.8,33.2,31.4,53.4
Hugo_Sanchez,249,00:00:10.333,34.7,33.4,30.4,53.8
Hugo_Sanchez,250,00:00:10.375,40.1,33.2,29.1,54.1
Hugo_Sanchez,251,00:00:10.416,47.1,31.6,27.8,54.4
Hugo_Sanchez,252,00:00:10.458,54.5,30.6,26.6,54.5
Hugo_Sanchez,253,00:00:10.500,60.3,30.9,25.5,54.5
Hugo_Sanchez,254,00:00:10.541,63.1,31.9,24.6,54.3
Hugo_Sanchez,255,00:00:10.583,63.0,32.9,23.8,54.0
Hugo_Sanchez,256,00:00:10.625,60.7,33.3,23.1,53.7
Hugo_Sanchez,257,00:00:10.666,56.5,34.3,22.4,53.5
Hugo_Sanchez,258,00:00:10.708,51.6,34.4,21.6,53.4
Hugo_Sanchez,259,00:00:10.750,48.4,33.9,20.8,53.5
Hugo_Sanchez,260,00:00:10.791,48.4,32.4,20.1,53.8
Hugo_Sanchez,261,00:00:10.833,49.6,32.4,19.5,54.5
Hugo_Sanchez,262,00:00:10.875,50.9,33.2,19.4,55.5
Hugo_Sanchez,263,00:00:10.916,50.0,32.8,19.9,56.8
Hugo_Sanchez,264,00:00:10.958,39.5,29.7,20.9,58.4
Hugo_Sanchez,265,00:00:11.000,25.8,29.0,22.7,60.2
Hugo_Sanchez,266,00:00:11.041,24.4,29.0,25.1,62.3
Hugo_Sanchez,267,00:00:11.083,25.3,35.9,27.8,64.4
Hugo_Sanchez,268,00:00:11.125,26.1,36.3,30.9,66.3
Hugo_Sanchez,269,00:00:11.166,25.1,36.9,34.0,68.0
Hugo_Sanchez,270,00:00:11.208,22.4,37.2,36.9,69.2
Hugo_Sanchez,271,00:00:11.250,18.3,38.4,39.5,69.9
Hugo_Sanchez,272,00:00:11.291,14.4,38.7,41.8,70.1
Hugo_Sanchez,273,00:00:11.333,12.9,39.1,43.6,69.7
Hugo_Sanchez,274,00:00:11.375,13.4,38.8,45.0,69.0
Hugo_Sanchez,275,00:00:11.416,14.2,38.8,46.0,68.1
Hugo_Sanchez,276,00:00:11.458,14.5,38.7,46.7,67.2
Hugo_Sanchez,277,00:00:11.500,14.3,38.2,47.3,66.4
Hugo_Sanchez,278,00:00:11.541,14.8,37.9,48.0,65.7
Hugo_Sanchez,279,00:00:11.583,16.1,36.8,48.9,65.1
Hugo_Sanchez,280,00:00:11.625,17.8,36.8,50.3,64.6
Hugo_Sanchez,281,00:00:11.666,19.4,35.3,52.2,64.1
Hugo_Sanchez,282,00:00:11.708,21.4,35.5,54.6,63.4
Hugo_Sanchez,283,00:00:11.750,22.4,35.0,57.3,62.7
Hugo_Sanchez,284,00:00:11.791,22.9,51.9,60.1,62.0
Hugo_Sanchez,285,00:00:11.833,23.6,52.3,62.8,61.2
Hugo_Sanchez,286,00:00:11.875,24.9,52.5,64.9,60.4
Hugo_Sanchez,287,00:00:11.916,27.3,52.5,66.6,59.8
Hugo_Sanchez,288,00:00:11.958,27.1,52.4,67.6,59.3
Hugo_Sanchez,289,00:00:12.000,23.7,52.3,68.0,58.9
Hugo_Sanchez,290,00:00:12.041,23.7,52.3,68.0,58.7
Hugo_Sanchez,291,00:00:12.083,25.6,52.5,67.7,58.8
Hugo_Sanchez,292,00:00:12.125,28.0,52.6,67.3,59.0
Hugo_Sanchez,293,00:00:12.166,29.9,52.9,66.8,59.5
Hugo_Sanchez,294,00:00:12.208,31.2,53.1,66.3,60.2
Hugo_Sanchez,295,00:00:12.250,32.5,53.1,65.8,61.0
Hugo_Sanchez,296,00:00:12.291,34.1,33.4,65.5,62.0
Hugo_Sanchez,297,00:00:12.333,35.3,34.0,65.2,62.9
Hugo_Sanchez,298,00:00:12.375,34.9,34.0,65.0,63.7
Hugo_Sanchez,299,00:00:12.416,32.4,34.2,64.8,64.4
Hugo_Sanchez,300,00:00:12.458,28.3,33.9,64.6,64.9
Hugo_Sanchez,301,00:00:12.500,23.3,34.1,64.5,65.2
Hugo_Sanchez,302,00:00:12.541,19.5,34.4,64.3,65.4
Hugo_Sanchez,303,00:00:12.583,19.1,34.8,64.1,65.5
Hugo_Sanchez,304,00:00:12.625,21.6,34.8,63.8,65.6
Hugo_Sanchez,305,00:00:12.666,24.0,34.9,63.5,65.7
Hugo_Sanchez,306,00:00:12.708,26.0,35.1,63.1,65.8
Hugo_Sanchez,307,00:00:12.750,27.6,35.7,62.8,65.9
Hugo_Sanchez,308,00:00:12.791,28.2,35.9,62.5,65.9
Hugo_Sanchez,309,00:00:12.833,28.2,36.1,62.3,65.9
Hugo_Sanchez,310,00:00:12.875,27.4,36.2,62.1,65.8
Hugo_Sanchez,311,00:00:12.916,24.9,36.6,62.0,65.5
Hugo_Sanchez,312,00:00:12.958,22.8,36.7,61.8,64.9
Hugo_Sanchez,313,00:00:13.000,22.9,37.1,61.6,64.0
Hugo_Sanchez,314,00:00:13.041,22.6,37.1,61.1,62.7
Hugo_Sanchez,315,00:00:13.083,22.1,37.1,60.5,60.9
Hugo_Sanchez,316,00:00:13.125,21.0,37.1,59.6,58.6
Hugo_Sanchez,317,00:00:13.166,19.5,37.2,58.4,55.9
Hugo_Sanchez,318,00:00:13.208,17.8,37.2,57.1,52.9
Hugo_Sanchez,319,00:00:13.250,17.8,31.4,55.6,49.8
Hugo_Sanchez,320,00:00:13.291,19.1,31.4,54.1,46.7
Hugo_Sanchez,321,00:00:13.333,19.9,30.9,52.8,43.9
Hugo_Sanchez,322,00:00:13.375,19.5,30.9,51.8,41.5
Hugo_Sanchez,323,00:00:13.416,18.1,30.6,51.0,39.7
Hugo_Sanchez,324,00:00:13.458,15.4,30.3,50.5,38.3
Hugo_Sanchez,325,00:00:13.500,12.1,30.0,50.4,37.4
Hugo_Sanchez,326,00:00:13.541,9.0,30.0,50.5,36.9
Hugo_Sanchez,327,00:00:13.583,7.0,30.1,50.8,36.6
Hugo_Sanchez,328,00:00:13.625,6.1,30.3,51.1,36.6
Hugo_Sanchez,329,00:00:13.666,5.4,30.6,51.4,36.7
Hugo_Sanchez,330,00:00:13.708,4.9,30.7,51.6,36.8
Hugo_Sanchez,331,00:00:13.750,4.8,31.0,51.9,37.1
Hugo_Sanchez,332,00:00:13.791,4.6,31.3,52.0,37.4
Hugo_Sanchez,333,00:00:13.833,4.6,31.6,52.2,37.8
Hugo_Sanchez,334,00:00:13.875,4.6,31.6,52.4,38.2
Hugo_Sanchez,335,00:00:13.916,4.3,31.8,52.6,38.6
Hugo_Sanchez,336,00:00:13.958,4.4,31.9,52.9,38.9
Hugo_Sanchez,337,00:00:14.000,5.7,32.1,53.2,39.2
Hugo_Sanchez,338,00:00:14.041,6.0,32.2,53.5,39.5
Hugo_Sanchez,339,00:00:14.083,6.1,31.7,53.8,39.8
Hugo_Sanchez,340,00:00:14.125,6.1,31.5,53.9,40.2
Hugo_Sanchez,341,00:00:14.166,6.1,31.6,53.9,41.0
Hugo_Sanchez,342,00:00:14.208,6.1,31.9,53.7,42.2
Hugo_Sanchez,343,00:00:14.250,6.4,32.2,53.4,44.1
Hugo_Sanchez,344,00:00:14.291,7.3,32.5,52.9,46.7
Hugo_Sanchez,345,00:00:14.333,9.4,32.8,52.4,50.0
Hugo_Sanchez,346,00:00:14.375,12.7,46.8,51.8,53.8
Hugo_Sanchez,347,00:00:14.416,17.5,47.0,51.2,57.9
Hugo_Sanchez,348,00:00:14.458,23.0,46.9,50.7,62.0
Hugo_Sanchez,349,00:00:14.500,28.5,47.1,50.2,65.8
Hugo_Sanchez,350,00:00:14.541,33.3,47.0,49.9,69.1
Hugo_Sanchez,351,00:00:14.583,36.9,47.0,49.7,71.8
Hugo_Sanchez,352,00:00:14.625,39.8,46.9,49.6,73.8
Hugo_Sanchez,353,00:00:14.666,42.1,47.3,49.6,75.3
Hugo_Sanchez,354,00:00:14.708,43.6,47.2,49.9,76.4
Hugo_Sanchez,355,00:00:14.750,44.4,47.3,50.4,77.2
Hugo_Sanchez,356,00:00:14.791,45.1,47.3,51.1,77.9
Hugo_Sanchez,357,00:00:14.833,46.1,47.5,52.0,78.5
Hugo_Sanchez,358,00:00:14.875,48.1,47.4,53.0,79.2
Hugo_Sanchez,359,00:00:14.916,50.7,33.8,54.0,79.8
Hugo_Sanchez,360,00:00:14.958,52.6,34.0,55.0,80.5
Hugo_Sanchez,361,00:00:15.000,46.4,34.8,55.8,81.0
Hugo_Sanchez,362,00:00:15.041,48.6,34.8,56.5,81.5
Hugo_Sanchez,363,00:00:15.083,50.2,35.0,56.9,81.8
Hugo_Sanchez,364,00:00:15.125,48.0,35.1,57.2,82.0
Hugo_Sanchez,365,00:00:15.166,44.0,35.2,57.2,82.1
Hugo_Sanchez,366,00:00:15.208,39.4,35.3,57.2,82.1
Hugo_Sanchez,367,00:00:15.250,35.9,35.4,57.1,82.0
Hugo_Sanchez,368,00:00:15.291,33.8,35.5,56.9,81.8
Hugo_Sanchez,369,00:00:15.333,33.0,35.8,56.8,81.6
Hugo_Sanchez,370,00:00:15.375,33.3,35.8,56.6,81.3
Hugo_Sanchez,371,00:00:15.416,34.1,35.9,56.5,81.0
Hugo_Sanchez,372,00:00:15.458,35.0,36.0,56.4,80.7
Hugo_Sanchez,373,00:00:15.500,35.8,36.2,56.4,80.4
Hugo_Sanchez,374,00:00:15.541,36.4,36.3,56.4,80.2
Hugo_Sanchez,375,00:00:15.583,36.9,36.4,56.4,79.9
Hugo_Sanchez,376,00:00:15.625,37.3,36.3,56.5,79.7
Hugo_Sanchez,377,00:00:15.666,37.4,36.6,56.6,79.5
Hugo_Sanchez,378,00:00:15.708,37.0,36.6,56.8,79.4
Hugo_Sanchez,379,00:00:15.750,36.4,36.7,56.9,79.3
Hugo_Sanchez,380,00:00:15.791,36.2,36.8,57.1,79.3
Hugo_Sanchez,381,00:00:15.833,37.0,36.9,57.2,79.3
Hugo_Sanchez,382,00:00:15.875,39.7,36.8,57.4,79.3
Hugo_Sanchez,383,00:00:15.916,44.4,36.9,57.5,79.3
Hugo_Sanchez,384,00:00:15.958,46.0,36.9,57.5,79.1
Hugo_Sanchez,385,00:00:16.000,44.1,37.0,57.5,78.8
Hugo_Sanchez,386,00:00:16.041,46.8,36.8,57.4,78.2
Hugo_Sanchez,387,00:00:16.083,50.0,36.9,57.2,77.2
Hugo_Sanchez,388,00:00:16.125,51.8,36.9,57.0,75.9
Hugo_Sanchez,389,00:00:16.166,52.2,36.9,56.7,74.2
Hugo_Sanchez,390,00:00:16.208,53.2,33.8,56.4,72.2
Hugo_Sanchez,391,00:00:16.250,56.6,33.9,56.0,70.2
Hugo_Sanchez,392,00:00:16.291,61.6,33.9,55.8,68.1
Hugo_Sanchez,393,00:00:16.333,66.9,33.9,55.5,66.3
Hugo_Sanchez,394,00:00:16.375,71.1,34.0,55.4,64.8
Hugo_Sanchez,395,00:00:16.416,73.9,34.1,55.3,63.7
Hugo_Sanchez,396,00:00:16.458,75.4,34.1,55.2,63.0
Hugo_Sanchez,397,00:00:16.500,76.2,34.1,55.0,62.7
Hugo_Sanchez,398,00:00:16.541,76.4,34.0,54.8,62.5
Hugo_Sanchez,399,00:00:16.583,75.8,34.0,54.5,62.5
Hugo_Sanchez,400,00:00:16.625,74.4,34.0,54.1,62.6
Hugo_Sanchez,401,00:00:16.666,72.2,34.4,53.7,62.8
Hugo_Sanchez,402,00:00:16.708,69.7,34.4,53.3,62.9
Hugo_Sanchez,403,00:00:16.750,67.1,34.6,52.9,63.0
Hugo_Sanchez,404,00:00:16.791,65.4,34.6,52.6,63.3
Hugo_Sanchez,405,00:00:16.833,64.7,34.9,52.5,63.7
Hugo_Sanchez,406,00:00:16.875,66.1,34.8,52.3,64.3
Hugo_Sanchez,407,00:00:16.916,69.5,34.9,52.2,65.2
Hugo_Sanchez,408,00:00:16.958,69.6,34.8,52.1,66.2
Hugo_Sanchez,409,00:00:17.000,64.3,34.9,52.0,67.5
Hugo_Sanchez,410,00:00:17.041,63.3,35.0,51.8,68.9
Hugo_Sanchez,411,00:00:17.083,61.5,46.5,51.6,70.3
Hugo_Sanchez,412,00:00:17.125,57.1,46.2,51.3,71.7
Hugo_Sanchez,413,00:00:17.166,50.6,46.5,51.1,72.9
Hugo_Sanchez,414,00:00:17.208,42.8,46.6,50.8,74.0
Hugo_Sanchez,415,00:00:17.250,36.2,46.7,50.6,74.8
Hugo_Sanchez,416,00:00:17.291,31.6,46.7,50.4,75.4
Hugo_Sanchez,417,00:00:17.333,29.0,47.0,50.3,75.8
Hugo_Sanchez,418,00:00:17.375,27.7,47.0,50.2,76.1
Hugo_Sanchez,419,00:00:17.416,27.1,47.0,50.1,76.3
Hugo_Sanchez,420,00:00:17.458,26.8,47.1,50.0,76.4
Hugo_Sanchez,421,00:00:17.500,26.6,47.2,50.0,76.5
Hugo_Sanchez,422,00:00:17.541,26.3,47.0,50.0,76.6
Hugo_Sanchez,423,00:00:17.583,26.1,47.1,49.9,76.6
Hugo_Sanchez,424,00:00:17.625,26.2,47.1,49.9,76.6
Hugo_Sanchez,425,00:00:17.666,26.4,47.4,49.8,76.6
Hugo_Sanchez,426,00:00:17.708,26.7,47.2,49.7,76.5
Hugo_Sanchez,427,00:00:17.750,26.8,47.2,49.6,76.3
Hugo_Sanchez,428,00:00:17.791,27.0,47.1,49.3,76.0
Hugo_Sanchez,429,00:00:17.833,27.7,47.4,48.8,75.5
Hugo_Sanchez,430,00:00:17.875,29.4,47.3,48.0,74.8
Hugo_Sanchez,431,00:00:17.916,32.5,47.5,46.7,73.8
Hugo_Sanchez,432,00:00:17.958,35.7,47.4,45.0,72.4
Hugo_Sanchez,433,00:00:18.000,37.4,46.8,42.8,70.7
Hugo_Sanchez,434,00:00:18.041,37.0,46.6,40.2,68.8
Hugo_Sanchez,435,00:00:18.083,35.6,46.5,37.4,66.9
Hugo_Sanchez,436,00:00:18.125,34.1,29.7,34.7,64.9
Hugo_Sanchez,437,00:00:18.166,33.4,29.6,32.3,63.2
Hugo_Sanchez,438,00:00:18.208,35.6,29.8,30.4,61.7
Hugo_Sanchez,439,00:00:18.250,38.6,29.4,29.4,60.6
Hugo_Sanchez,440,00:00:18.291,41.1,28.9,29.1,59.8
Hugo_Sanchez,441,00:00:18.333,41.5,29.1,29.7,59.3
Hugo_Sanchez,442,00:00:18.375,40.0,30.8,31.0,59.0
Hugo_Sanchez,443,00:00:18.416,37.6,31.6,32.7,58.8
Hugo_Sanchez,444,00:00:18.458,35.5,31.6,34.6,58.5
Hugo_Sanchez,445,00:00:18.500,35.8,31.1,36.5,58.3
Hugo_Sanchez,446,00:00:18.541,39.7,30.2,38.1,58.0
Hugo_Sanchez,447,00:00:18.583,45.1,29.2,39.4,57.5
Hugo_Sanchez,448,00:00:18.625,50.2,28.8,40.3,56.9
Hugo_Sanchez,449,00:00:18.666,54.7,28.8,40.7,56.2
Hugo_Sanchez,450,00:00:18.708,58.8,30.1,40.7,55.2
Hugo_Sanchez,451,00:00:18.750,62.6,30.8,40.4,54.2
Hugo_Sanchez,452,00:00:18.791,65.7,30.1,39.7,53.0
Hugo_Sanchez,453,00:00:18.833,68.9,29.0,38.9,51.7
Hugo_Sanchez,454,00:00:18.875,71.7,29.2,37.9,50.5
Hugo_Sanchez,455,00:00:18.916,72.7,29.3,36.8,49.3
Hugo_Sanchez,456,00:00:18.958,75.5,29.1,35.8,48.4
Hugo_Sanchez,457,00:00:19.000,83.8,29.5,35.0,47.8
Hugo_Sanchez,458,00:00:19.041,85.8,29.6,34.3,47.5
Hugo_Sanchez,459,00:00:19.083,85.8,29.6,34.0,47.8
Hugo_Sanchez,460,00:00:19.125,84.3,29.2,33.9,48.5
Hugo_Sanchez,461,00:00:19.166,80.9,29.0,34.2,49.7
Hugo_Sanchez,462,00:00:19.208,74.7,72.7,34.6,51.1
Hugo_Sanchez,463,00:00:19.250,67.2,73.1,35.2,52.8
Hugo_Sanchez,464,00:00:19.291,60.9,73.0,35.9,54.4
Hugo_Sanchez,465,00:00:19.333,56.1,74.0,36.5,55.9
Hugo_Sanchez,466,00:00:19.375,51.9,74.0,37.0,57.2
Hugo_Sanchez,467,00:00:19.416,48.6,74.3,37.4,58.1
Hugo_Sanchez,468,00:00:19.458,45.8,74.4,37.6,58.6
Hugo_Sanchez,469,00:00:19.500,43.3,75.3,37.7,58.9
Hugo_Sanchez,470,00:00:19.541,41.1,75.2,37.8,58.8
Hugo_Sanchez,471,00:00:19.583,38.9,75.5,37.8,58.4
Hugo_Sanchez,472,00:00:19.625,36.7,75.6,37.8,57.9
Hugo_Sanchez,473,00:00:19.666,34.7,76.3,37.8,57.0
Hugo_Sanchez,474,00:00:19.708,33.3,76.1,37.7,56.0
Hugo_Sanchez,475,00:00:19.750,32.5,76.3,37.7,54.7
Hugo_Sanchez,476,00:00:19.791,32.5,76.0,37.7,53.3
Hugo_Sanchez,477,00:00:19.833,33.0,76.2,37.7,51.7
Hugo_Sanchez,478,00:00:19.875,34.0,33.5,37.6,50.1
Hugo_Sanchez,479,00:00:19.916,34.1,33.7,37.4,48.5
Hugo_Sanchez,480,00:00:19.958,31.5,34.1,36.9,47.0
Hugo_Sanchez,481,00:00:20.000,27.7,34.3,36.0,45.6
Hugo_Sanchez,482,00:00:20.041,26.7,34.2,34.5,44.2
Hugo_Sanchez,483,00:00:20.083,27.0,34.4,32.5,42.8
Hugo_Sanchez,484,00:00:20.125,27.9,34.4,29.7,41.3
Hugo_Sanchez,485,00:00:20.166,28.4,34.6,26.4,39.8
Hugo_Sanchez,486,00:00:20.208,28.2,34.5,22.8,38.1
Hugo_Sanchez,487,00:00:20.250,29.8,34.2,19.0,36.4
Hugo_Sanchez,488,00:00:20.291,33.2,34.4,15.4,34.9
Hugo_Sanchez,489,00:00:20.333,38.4,23.7,12.2,33.5
Hugo_Sanchez,490,00:00:20.375,44.8,24.1,9.7,32.4
Hugo_Sanchez,491,00:00:20.416,50.6,23.9,8.0,31.7
Hugo_Sanchez,492,00:00:20.458,54.3,23.4,7.1,31.3
Hugo_Sanchez,493,00:00:20.500,55.6,23.3,6.9,31.3
Hugo_Sanchez,494,00:00:20.541,54.7,23.3,7.3,31.6
Hugo_Sanchez,495,00:00:20.583,53.5,23.6,8.3,32.2
Hugo_Sanchez,496,00:00:20.625,54.1,23.4,9.7,33.0
Hugo_Sanchez,497,00:00:20.666,56.3,23.0,11.3,34.0
Hugo_Sanchez,498,00:00:20.708,58.8,23.2,13.1,35.3
Hugo_Sanchez,499,00:00:20.750,60.1,23.2,14.9,36.6
Hugo_Sanchez,500,00:00:20.791,60.3,95.5,16.6,38.0
Hugo_Sanchez,501,00:00:20.833,60.1,95.6,18.0,39.2
Hugo_Sanchez,502,00:00:20.875,58.7,95.5,19.2,40.3
Hugo_Sanchez,503,00:00:20.916,53.4,95.5,20.1,41.3
Hugo_Sanchez,504,00:00:20.958,46.0,95.5,20.9,42.2
Hugo_Sanchez,505,00:00:21.000,43.2,95.9,21.8,43.2
Hugo_Sanchez,506,00:00:21.041,43.3,95.8,22.9,44.5
Hugo_Sanchez,507,00:00:21.083,44.5,95.7,24.4,46.2
Hugo_Sanchez,508,00:00:21.125,45.3,95.7,26.5,48.5
Hugo_Sanchez,509,00:00:21.166,44.6,95.7,29.1,51.4
Hugo_Sanchez,510,00:00:21.208,41.9,95.7,32.1,54.8
Hugo_Sanchez,511,00:00:21.250,37.7,95.6,35.4,58.5
Hugo_Sanchez,512,00:00:21.291,32.6,44.7,38.7,62.2
Hugo_Sanchez,513,00:00:21.333,29.5,44.7,41.7,65.6
Hugo_Sanchez,514,00:00:21.375,31.1,44.7,44.3,68.5
Hugo_Sanchez,515,00:00:21.416,34.0,44.7,46.4,70.8
Hugo_Sanchez,516,00:00:21.458,35.9,44.7,47.9,72.4
Hugo_Sanchez,517,00:00:21.500,37.0,44.9,48.9,73.5
Hugo_Sanchez,518,00:00:21.541,38.1,44.6,49.5,74.1
Hugo_Sanchez,519,00:00:21.583,39.5,44.6,49.8,74.4
Hugo_Sanchez,520,00:00:21.625,40.8,44.5,50.0,74.6
Hugo_Sanchez,521,00:00:21.666,41.7,44.7,50.1,74.6
Hugo_Sanchez,522,00:00:21.708,41.8,44.7,50.1,74.7
Hugo_Sanchez,523,00:00:21.750,41.4,44.9,50.2,74.7
Hugo_Sanchez,524,00:00:21.791,41.1,44.9,50.2,74.8
Hugo_Sanchez,525,00:00:21.833,41.6,45.2,50.2,74.8
Hugo_Sanchez,526,00:00:21.875,43.9,44.9,50.2,74.8
Hugo_Sanchez,527,00:00:21.916,48.5,45.0,50.2,74.7
Hugo_Sanchez,528,00:00:21.958,52.4,44.8,50.2,74.7
Hugo_Sanchez,529,00:00:22.000,53.6,45.3,50.1,74.6
Hugo_Sanchez,530,00:00:22.041,55.6,45.1,50.1,74.5
Hugo_Sanchez,531,00:00:22.083,56.0,45.1,50.0,74.5
Hugo_Sanchez,532,00:00:22.125,53.8,45.2,50.0,74.6
Hugo_Sanchez,533,00:00:22.166,50.3,45.5,50.1,74.7
Hugo_Sanchez,534,00:00:22.208,47.4,45.3,50.2,74.8
Hugo_Sanchez,535,00:00:22.250,46.3,45.3,50.3,75.0
Hugo_Sanchez,536,00:00:22.291,46.7,45.0,50.4,75.3
Hugo_Sanchez,537,00:00:22.333,47.8,45.4,50.6,75.6
Hugo_Sanchez,538,00:00:22.375,48.8,45.1,50.6,75.9
Hugo_Sanchez,539,00:00:22.416,49.1,45.2,50.7,76.1
Hugo_Sanchez,540,00:00:22.458,48.4,45.1,50.7,76.3
Hugo_Sanchez,541,00:00:22.500,46.7,45.5,50.6,76.4
Hugo_Sanchez,542,00:00:22.541,44.4,45.4,50.5,76.4
Hugo_Sanchez,543,00:00:22.583,41.9,45.4,50.3,76.3
Hugo_Sanchez,544,00:00:22.625,39.9,45.2,50.2,76.2
Hugo_Sanchez,545,00:00:22.666,38.4,45.5,50.0,76.1
Hugo_Sanchez,546,00:00:22.708,37.6,45.2,49.9,75.9
Hugo_Sanchez,547,00:00:22.750,37.5,45.1,49.8,75.8
Hugo_Sanchez,548,00:00:22.791,38.0,44.9,49.7,75.6
Hugo_Sanchez,549,00:00:22.833,39.5,45.3,49.6,75.5
Hugo_Sanchez,550,00:00:22.875,42.6,45.2,49.6,75.5
Hugo_Sanchez,551,00:00:22.916,48.2,45.3,49.6,75.5
Hugo_Sanchez,552,00:00:22.958,50.8,45.3,49.6,75.5
Hugo_Sanchez,553,00:00:23.000,48.3,45.5,49.6,75.6
Hugo_Sanchez,554,00:00:23.041,50.4,45.4,49.6,75.7
Hugo_Sanchez,555,00:00:23.083,51.5,45.5,49.5,75.8
Hugo_Sanchez,556,00:00:23.125,49.9,45.4,49.4,75.9
Hugo_Sanchez,557,00:00:23.166,46.3,46.8,49.3,76.0
Hugo_Sanchez,558,00:00:23.208,42.4,46.6,49.1,76.1
Hugo_Sanchez,559,00:00:23.250,39.6,46.7,48.9,76.2
Hugo_Sanchez,560,00:00:23.291,38.1,46.6,48.7,76.3
Hugo_Sanchez,561,00:00:23.333,37.5,47.1,48.5,76.4
Hugo_Sanchez,562,00:00:23.375,37.5,47.1,48.3,76.4
Hugo_Sanchez,563,00:00:23.416,38.2,47.2,48.2,76.4
Hugo_Sanchez,564,00:00:23.458,39.4,47.5,48.1,76.3
Hugo_Sanchez,565,00:00:23.500,41.0,48.0,48.0,76.3
Hugo_Sanchez,566,00:00:23.541,42.7,47.8,48.0,76.2
Hugo_Sanchez,567,00:00:23.583,44.1,48.0,48.1,76.2
Hugo_Sanchez,568,00:00:23.625,45.2,47.9,48.2,76.1
Hugo_Sanchez,569,00:00:23.666,45.8,48.4,48.3,76.0
Hugo_Sanchez,570,00:00:23.708,45.9,48.4,48.5,76.0
Hugo_Sanchez,571,00:00:23.750,45.7,48.4,48.6,76.0
Hugo_Sanchez,572,00:00:23.791,45.8,48.4,48.7,76.0
Hugo_Sanchez,573,00:00:23.833,46.8,48.6,48.8,76.0
Hugo_Sanchez,574,00:00:23.875,49.6,48.4,48.9,75.9
Hugo_Sanchez,575,00:00:23.916,55.2,48.4,48.9,75.7
Hugo_Sanchez,576,00:00:23.958,59.5,48.3,48.9,75.3
Hugo_Sanchez,577,00:00:24.000,60.8,47.9,49.0,74.5
Hugo_Sanchez,578,00:00:24.041,62.9,47.7,49.1,73.2
Hugo_Sanchez,579,00:00:24.083,62.8,47.7,49.3,71.5
Hugo_Sanchez,580,00:00:24.125,59.4,47.6,49.5,69.2
Hugo_Sanchez,581,00:00:24.166,54.0,47.8,50.0,66.5
Hugo_Sanchez,582,00:00:24.208,49.0,47.7,50.6,63.7
Hugo_Sanchez,583,00:00:24.250,45.8,47.7,51.5,61.0
Hugo_Sanchez,584,00:00:24.291,43.9,45.1,52.5,58.8
Hugo_Sanchez,585,00:00:24.333,42.1,41.9,53.7,57.3
Hugo_Sanchez,586,00:00:24.375,38.3,66.5,55.0,56.7
Hugo_Sanchez,587,00:00:24.416,29.9,73.2,56.4,56.8
Hugo_Sanchez,588,00:00:24.458,17.9,73.3,57.6,57.5
Hugo_Sanchez,589,00:00:24.500,12.6,73.5,58.8,58.5
Hugo_Sanchez,590,00:00:24.541,18.3,73.1,59.8,59.7
Hugo_Sanchez,591,00:00:24.583,25.9,73.4,60.6,60.9
Hugo_Sanchez,592,00:00:24.625,32.3,74.0,61.3,61.8
Hugo_Sanchez,593,00:00:24.666,37.4,74.9,61.8,62.5
Hugo_Sanchez,594,00:00:24.708,40.0,74.9,62.1,63.1
Hugo_Sanchez,595,00:00:24.750,40.0,74.8,62.2,63.4
Hugo_Sanchez,596,00:00:24.791,38.7,74.4,61.9,63.4
Hugo_Sanchez,597,00:00:24.833,36.7,74.4,61.1,63.1
Hugo_Sanchez,598,00:00:24.875,34.3,74.0,59.7,62.5
Hugo_Sanchez,599,00:00:24.916,29.9,73.9,57.5,61.4
Hugo_Sanchez,600,00:00:24.958,28.6,73.9,54.5,59.9
Hugo_Sanchez,601,00:00:25.000,35.5,74.5,50.7,58.0
Hugo_Sanchez,602,00:00:25.041,35.3,74.2,46.4,55.8
Hugo_Sanchez,603,00:00:25.083,30.7,73.9,41.8,53.4
Hugo_Sanchez,604,00:00:25.125,27.4,30.3,37.2,51.2
Hugo_Sanchez,605,00:00:25.166,34.2,30.7,33.1,49.2
Hugo_Sanchez,606,00:00:25.208,47.0,31.0,29.5,47.7
Hugo_Sanchez,607,00:00:25.250,60.2,31.3,26.8,46.6
Hugo_Sanchez,608,00:00:25.291,70.3,30.2,24.8,46.0
Hugo_Sanchez,609,00:00:25.333,76.0,29.8,23.5,45.8
Hugo_Sanchez,610,00:00:25.375,78.5,30.1,22.7,45.9
Hugo_Sanchez,611,00:00:25.416,78.9,30.9,22.2,46.2
Hugo_Sanchez,612,00:00:25.458,78.3,31.7,21.8,46.5
Hugo_Sanchez,613,00:00:25.500,76.2,32.2,21.3,46.8
Hugo_Sanchez,614,00:00:25.541,73.6,30.8,20.7,47.0
Hugo_Sanchez,615,00:00:25.583,72.1,29.6,20.0,47.1
Hugo_Sanchez,616,00:00:25.625,72.2,29.3,19.3,47.1
Hugo_Sanchez,617,00:00:25.666,73.6,29.5,18.6,47.1
Hugo_Sanchez,618,00:00:25.708,74.9,29.8,18.1,47.0
Hugo_Sanchez,619,00:00:25.750,75.6,30.8,17.6,47.1
Hugo_Sanchez,620,00:00:25.791,76.7,31.4,17.3,47.2
Hugo_Sanchez,621,00:00:25.833,77.8,31.3,17.1,47.6
Hugo_Sanchez,622,00:00:25.875,78.2,31.3,16.8,48.1
Hugo_Sanchez,623,00:00:25.916,76.4,30.6,16.6,48.9
Hugo_Sanchez,624,00:00:25.958,74.9,29.7,16.4,49.7
Hugo_Sanchez,625,00:00:26.000,76.7,29.8,16.2,50.6
Hugo_Sanchez,626,00:00:26.041,77.1,31.4,16.0,51.4
Hugo_Sanchez,627,00:00:26.083,77.7,33.1,15.7,52.1
Hugo_Sanchez,628,00:00:26.125,78.8,32.9,15.5,52.6
Hugo_Sanchez,629,00:00:26.166,79.7,32.4,15.4,53.0
Hugo_Sanchez,630,00:00:26.208,79.9,31.6,15.3,53.1
Hugo_Sanchez,631,00:00:26.250,79.7,29.3,15.6,53.2
Hugo_Sanchez,632,00:00:26.291,79.5,28.0,16.3,53.3
Hugo_Sanchez,633,00:00:26.333,79.2,27.6,17.5,53.6
Hugo_Sanchez,634,00:00:26.375,79.0,27.4,19.2,54.1
Hugo_Sanchez,635,00:00:26.416,79.4,27.3,21.6,55.1
Hugo_Sanchez,636,00:00:26.458,79.8,27.5,24.6,56.7
Hugo_Sanchez,637,00:00:26.500,79.0,28.0,27.9,58.9
Hugo_Sanchez,638,00:00:26.541,77.1,27.8,31.3,61.5
Hugo_Sanchez,639,00:00:26.583,74.2,27.5,34.8,64.4
Hugo_Sanchez,640,00:00:26.625,69.1,27.4,37.9,67.4
Hugo_Sanchez,641,00:00:26.666,59.7,45.5,40.7,70.3
Hugo_Sanchez,642,00:00:26.708,49.5,45.5,42.9,72.8
Hugo_Sanchez,643,00:00:26.750,44.1,45.6,44.6,74.8
Hugo_Sanchez,644,00:00:26.791,43.8,45.7,45.8,76.4
Hugo_Sanchez,645,00:00:26.833,43.8,46.0,46.6,77.4
Hugo_Sanchez,646,00:00:26.875,44.8,46.1,47.1,78.1
Hugo_Sanchez,647,00:00:26.916,48.0,46.2,47.5,78.5
Hugo_Sanchez,648,00:00:26.958,50.1,46.3,47.6,78.6
Hugo_Sanchez,649,00:00:27.000,49.1,46.6,47.7,78.6
Hugo_Sanchez,650,00:00:27.041,51.2,46.4,47.8,78.5
Hugo_Sanchez,651,00:00:27.083,52.3,46.4,47.9,78.4
Hugo_Sanchez,652,00:00:27.125,50.6,46.3,47.9,78.2
Hugo_Sanchez,653,00:00:27.166,47.1,46.6,47.9,78.0
Hugo_Sanchez,654,00:00:27.208,43.7,46.6,48.0,77.8
Hugo_Sanchez,655,00:00:27.250,41.7,46.7,48.0,77.6
Hugo_Sanchez,656,00:00:27.291,40.9,46.7,48.0,77.4
Hugo_Sanchez,657,00:00:27.333,40.9,46.9,47.9,77.2
Hugo_Sanchez,658,00:00:27.375,41.2,47.0,47.9,77.1
Hugo_Sanchez,659,00:00:27.416,41.6,47.0,47.9,76.9
Hugo_Sanchez,660,00:00:27.458,42.1,47.0,47.9,76.8
Hugo_Sanchez,661,00:00:27.500,42.5,47.1,47.9,76.7
Hugo_Sanchez,662,00:00:27.541,42.8,47.1,47.9,76.5
Hugo_Sanchez,663,00:00:27.583,43.0,47.1,48.0,76.4
Hugo_Sanchez,664,00:00:27.625,43.0,47.1,48.1,76.3
Hugo_Sanchez,665,00:00:27.666,43.0,47.3,48.3,76.2
Hugo_Sanchez,666,00:00:27.708,42.9,47.2,48.4,76.1
Hugo_Sanchez,667,00:00:27.750,43.0,47.2,48.6,76.0
Hugo_Sanchez,668,00:00:27.791,43.8,47.2,48.7,76.0
Hugo_Sanchez,669,00:00:27.833,45.7,47.6,48.8,75.9
Hugo_Sanchez,670,00:00:27.875,49.5,47.5,48.9,75.9
Hugo_Sanchez,671,00:00:27.916,55.8,47.6,48.9,75.8
Hugo_Sanchez,672,00:00:27.958,59.6,47.5,48.8,75.8
Hugo_Sanchez,673,00:00:28.000,59.1,48.0,48.7,75.8
Hugo_Sanchez,674,00:00:28.041,62.7,47.8,48.6,75.8
Hugo_Sanchez,675,00:00:28.083,65.1,47.8,48.5,75.7
Hugo_Sanchez,676,00:00:28.125,63.4,47.8,48.4,75.7
Hugo_Sanchez,677,00:00:28.166,59.1,48.0,48.3,75.7
Hugo_Sanchez,678,00:00:28.208,54.6,47.9,48.2,75.6
Hugo_Sanchez,679,00:00:28.250,51.8,47.9,48.1,75.6
Hugo_Sanchez,680,00:00:28.291,50.7,47.9,48.0,75.6
Hugo_Sanchez,681,00:00:28.333,50.8,48.0,47.9,75.6
Hugo_Sanchez,682,00:00:28.375,51.2,47.8,47.9,75.6
Hugo_Sanchez,683,00:00:28.416,51.4,47.9,47.9,75.7
Hugo_Sanchez,684,00:00:28.458,51.1,47.8,48.0,75.8
Hugo_Sanchez,685,00:00:28.500,50.4,48.2,48.1,75.9
Hugo_Sanchez,686,00:00:28.541,49.6,48.1,48.2,76.0
Hugo_Sanchez,687,00:00:28.583,48.9,48.2,48.3,76.1
Hugo_Sanchez,688,00:00:28.625,48.4,48.1,48.5,76.2
Hugo_Sanchez,689,00:00:28.666,48.1,48.4,48.7,76.2
Hugo_Sanchez,690,00:00:28.708,47.9,48.2,48.8,76.2
Hugo_Sanchez,691,00:00:28.750,47.9,48.1,49.0,76.2
Hugo_Sanchez,692,00:00:28.791,48.5,48.0,49.1,76.2
Hugo_Sanchez,693,00:00:28.833,50.3,48.2,49.3,76.2
Hugo_Sanchez,694,00:00:28.875,53.9,48.0,49.4,76.1
Hugo_Sanchez,695,00:00:28.916,59.9,48.0,49.4,76.1
Hugo_Sanchez,696,00:00:28.958,62.8,47.9,49.5,76.1
Hugo_Sanchez,697,00:00:29.000,60.7,48.2,49.5,76.0
Hugo_Sanchez,698,00:00:29.041,63.1,48.0,49.4,76.0
Hugo_Sanchez,699,00:00:29.083,64.5,48.0,49.4,75.9
Hugo_Sanchez,700,00:00:29.125,62.6,47.9,49.3,75.8
Hugo_Sanchez,701,00:00:29.166,58.3,48.3,49.2,75.7
Hugo_Sanchez,702,00:00:29.208,53.9,47.9,49.0,75.5
Hugo_Sanchez,703,00:00:29.250,51.0,47.9,48.8,75.1
Hugo_Sanchez,704,00:00:29.291,49.4,47.7,48.3,74.5
Hugo_Sanchez,705,00:00:29.333,48.4,48.1,47.4,73.3
Hugo_Sanchez,706,00:00:29.375,47.5,48.1,46.0,71.6
Hugo_Sanchez,707,00:00:29.416,46.7,48.1,44.0,69.0
Hugo_Sanchez,708,00:00:29.458,45.9,48.0,41.4,65.5
Hugo_Sanchez,709,00:00:29.500,45.4,48.2,38.3,61.2
Hugo_Sanchez,710,00:00:29.541,45.6,48.0,35.2,56.3
Hugo_Sanchez,711,00:00:29.583,47.0,48.0,32.2,51.0
Hugo_Sanchez,712,00:00:29.625,49.5,44.4,29.9,45.9
Hugo_Sanchez,713,00:00:29.666,52.7,20.9,28.4,41.1
Hugo_Sanchez,714,00:00:29.708,55.1,20.9,27.9,37.1
Hugo_Sanchez,715,00:00:29.750,54.8,20.9,28.4,33.9
Hugo_Sanchez,716,00:00:29.791,51.4,20.9,29.5,31.6
Hugo_Sanchez,717,00:00:29.833,45.9,20.9,31.0,30.1
Hugo_Sanchez,718,00:00:29.875,41.1,20.9,32.6,29.2
Hugo_Sanchez,719,00:00:29.916,36.5,20.9,34.0,28.7
Hugo_Sanchez,720,00:00:29.958,32.1,20.9,34.9,28.4
Hugo_Sanchez,721,00:00:30.000,58.7,20.9,35.3,28.3
Hugo_Sanchez,722,00:00:30.041,62.2,20.9,35.1,28.2
Hugo_Sanchez,723,00:00:30.083,64.8,20.9,34.2,28.1
Hugo_Sanchez,724,00:00:30.125,67.6,20.9,32.7,28.0
Hugo_Sanchez,725,00:00:30.166,70.4,20.9,30.6,27.9
Hugo_Sanchez,726,00:00:30.208,72.5,20.9,28.0,27.7
Hugo_Sanchez,727,00:00:30.250,74.0,20.9,25.1,27.6
Hugo_Sanchez,728,00:00:30.291,75.2,21.1,22.0,27.5
Hugo_Sanchez,729,00:00:30.333,76.0,21.2,18.8,27.5
Hugo_Sanchez,730,00:00:30.375,76.8,21.4,15.8,27.7
Hugo_Sanchez,731,00:00:30.416,78.2,21.5,13.1,28.0
Hugo_Sanchez,732,00:00:30.458,78.9,21.7,10.7,28.6
Hugo_Sanchez,733,00:00:30.500,78.5,21.6,8.7,29.4
Hugo_Sanchez,734,00:00:30.541,77.5,21.9,7.1,30.5
Hugo_Sanchez,735,00:00:30.583,76.2,22.0,5.9,31.9
Hugo_Sanchez,736,00:00:30.625,74.1,22.2,5.0,33.4
Hugo_Sanchez,737,00:00:30.666,72.5,22.2,5.0,35.1
Hugo_Sanchez,738,00:00:30.708,71.9,22.5,5.0,36.8
Hugo_Sanchez,739,00:00:30.750,71.5,22.7,5.0,38.4
Hugo_Sanchez,740,00:00:30.791,71.1,22.8,5.0,39.9
Hugo_Sanchez,741,00:00:30.833,70.9,23.0,5.0,41.3
Hugo_Sanchez,742,00:00:30.875,70.9,23.2,5.0,42.5
Hugo_Sanchez,743,00:00:30.916,70.0,23.5,5.5,43.5
Hugo_Sanchez,744,00:00:30.958,59.9,23.6,6.1,44.3
Hugo_Sanchez,745,00:00:31.000,42.6,23.7,6.8,45.0
Hugo_Sanchez,746,00:00:31.041,39.0,24.0,7.4,45.5
Hugo_Sanchez,747,00:00:31.083,38.1,24.2,8.0,45.9
Hugo_Sanchez,748,00:00:31.125,41.4,24.4,8.6,46.1
Hugo_Sanchez,749,00:00:31.166,45.7,24.6,9.1,46.2
Hugo_Sanchez,750,00:00:31.208,49.7,24.8,9.7,46.0
Hugo_Sanchez,751,00:00:31.250,53.3,24.9,10.2,45.7
Hugo_Sanchez,752,00:00:31.291,55.4,25.1,10.6,45.2
Hugo_Sanchez,753,00:00:31.333,54.2,25.2,11.0,44.6
Hugo_Sanchez,754,00:00:31.375,49.0,25.5,11.4,43.8
Hugo_Sanchez,755,00:00:31.416,40.7,25.7,11.6,43.0
Hugo_Sanchez,756,00:00:31.458,35.4,26.0,11.8,42.2
Hugo_Sanchez,757,00:00:31.500,38.6,26.2,11.9,41.5
Hugo_Sanchez,758,00:00:31.541,43.0,26.4,11.8,40.9
Hugo_Sanchez,759,00:00:31.583,46.5,26.6,11.6,40.5
Hugo_Sanchez,760,00:00:31.625,48.2,26.8,11.2,40.4
Hugo_Sanchez,761,00:00:31.666,48.1,26.9,10.8,40.4
Hugo_Sanchez,762,00:00:31.708,46.7,27.1,10.2,40.6
Hugo_Sanchez,763,00:00:31.750,44.6,27.3,9.5,40.9
Hugo_Sanchez,764,00:00:31.791,42.2,27.4,8.8,41.2
Hugo_Sanchez,765,00:00:31.833,39.9,27.7,8.0,41.5
Hugo_Sanchez,766,00:00:31.875,38.1,27.7,7.3,41.8
Hugo_Sanchez,767,00:00:31.916,36.8,27.9,6.7,42.0
Hugo_Sanchez,768,00:00:31.958,33.8,28.0,6.1,42.2
Hugo_Sanchez,769,00:00:32.000,29.7,28.3,5.6,42.4
Hugo_Sanchez,770,00:00:32.041,30.1,28.3,5.2,42.6
Hugo_Sanchez,771,00:00:32.083,31.9,28.6,5.0,43.0
Hugo_Sanchez,772,00:00:32.125,32.8,28.6,5.0,43.3
Hugo_Sanchez,773,00:00:32.166,31.5,28.8,5.0,43.7
Hugo_Sanchez,774,00:00:32.208,29.2,28.8,5.0,44.2
Hugo_Sanchez,775,00:00:32.250,27.6,29.0,5.0,44.6
Hugo_Sanchez,776,00:00:32.291,26.9,29.2,5.0,45.1
Hugo_Sanchez,777,00:00:32.333,27.0,29.3,5.0,45.5
Hugo_Sanchez,778,00:00:32.375,27.8,29.3,5.0,45.8
Hugo_Sanchez,779,00:00:32.416,29.2,29.4,5.0,46.0
Hugo_Sanchez,780,00:00:32.458,30.6,29.3,5.0,46.1
Hugo_Sanchez,781,00:00:32.500,32.1,29.4,5.0,46.1
Hugo_Sanchez,782,00:00:32.541,33.3,29.5,5.0,45.9
Hugo_Sanchez,783,00:00:32.583,34.1,29.6,5.0,45.7
Hugo_Sanchez,784,00:00:32.625,34.2,29.6,5.0,45.4
Hugo_Sanchez,785,00:00:32.666,33.6,29.6,5.0,45.0
Hugo_Sanchez,786,00:00:32.708,32.2,29.5,5.0,44.7
Hugo_Sanchez,787,00:00:32.750,30.7,29.6,5.0,44.3
Hugo_Sanchez,788,00:00:32.791,29.8,29.4,5.0,44.0
Hugo_Sanchez,789,00:00:32.833,29.9,29.5,5.0,43.7
Hugo_Sanchez,790,00:00:32.875,31.9,29.6,5.0,43.5
Hugo_Sanchez,791,00:00:32.916,35.8,29.6,5.0,43.3
Hugo_Sanchez,792,00:00:32.958,40.2,29.6,5.0,43.2
Hugo_Sanchez,793,00:00:33.000,45.3,29.2,5.0,43.2
Hugo_Sanchez,794,00:00:33.041,50.5,29.3,5.0,43.3
Hugo_Sanchez,795,00:00:33.083,53.7,29.5,5.0,43.5
Hugo_Sanchez,796,00:00:33.125,53.7,29.6,5.0,43.8
Hugo_Sanchez,797,00:00:33.166,51.9,29.7,5.0,44.2
Hugo_Sanchez,798,00:00:33.208,50.4,29.8,5.0,44.7
Hugo_Sanchez,799,00:00:33.250,50.3,30.0,5.0,45.1
Hugo_Sanchez,800,00:00:33.291,51.0,30.0,5.0,45.5
Hugo_Sanchez,801,00:00:33.333,51.7,30.1,5.0,45.6
Hugo_Sanchez,802,00:00:33.375,52.0,30.2,5.0,45.5
Hugo_Sanchez,803,00:00:33.416,51.9,30.3,5.0,45.3
Hugo_Sanchez,804,00:00:33.458,51.2,30.3,5.0,44.9
Hugo_Sanchez,805,00:00:33.500,50.2,30.4,5.0,44.3
Hugo_Sanchez,806,00:00:33.541,49.0,30.4,5.0,43.8
Hugo_Sanchez,807,00:00:33.583,47.7,30.5,5.0,43.2
Hugo_Sanchez,808,00:00:33.625,46.4,30.5,5.0,42.8
Hugo_Sanchez,809,00:00:33.666,45.0,30.6,5.0,42.3
Hugo_Sanchez,810,00:00:33.708,43.4,30.6,5.0,42.0
Hugo_Sanchez,811,00:00:33.750,41.6,30.7,5.2,41.7
Hugo_Sanchez,812,00:00:33.791,40.3,30.7,5.3,41.4
Hugo_Sanchez,813,00:00:33.833,39.9,30.8,5.2,41.1
Hugo_Sanchez,814,00:00:33.875,41.2,30.7,5.1,40.8
Hugo_Sanchez,815,00:00:33.916,44.8,30.6,5.0,40.5
Hugo_Sanchez,816,00:00:33.958,47.5,30.6,5.0,40.2
Hugo_Sanchez,817,00:00:34.000,47.9,30.6,5.0,39.9
Hugo_Sanchez,818,00:00:34.041,51.0,30.6,5.0,39.7
Hugo_Sanchez,819,00:00:34.083,53.3,30.6,5.0,39.5
Hugo_Sanchez,820,00:00:34.125,52.5,30.5,5.0,39.3
Hugo_Sanchez,821,00:00:34.166,49.6,30.5,5.0,39.1
Hugo_Sanchez,822,00:00:34.208,46.9,30.5,5.0,39.0
Hugo_Sanchez,823,00:00:34.250,45.4,30.5,5.0,38.8
Hugo_Sanchez,824,00:00:34.291,44.8,30.5,5.0,38.6
Hugo_Sanchez,825,00:00:34.333,44.3,30.4,5.0,38.4
Hugo_Sanchez,826,00:00:34.375,43.7,29.8,5.0,38.1
Hugo_Sanchez,827,00:00:34.416,42.6,29.2,5.1,37.8
Hugo_Sanchez,828,00:00:34.458,41.3,28.8,5.4,37.6
Hugo_Sanchez,829,00:00:34.500,40.0,28.7,5.7,37.4
Hugo_Sanchez,830,00:00:34.541,38.9,28.3,5.8,37.2
Hugo_Sanchez,831,00:00:34.583,38.2,28.2,6.0,37.2
Hugo_Sanchez,832,00:00:34.625,38.1,28.0,6.1,37.2
Hugo_Sanchez,833,00:00:34.666,38.7,27.8,6.2,37.3
Hugo_Sanchez,834,00:00:34.708,39.6,27.5,6.2,37.4
Hugo_Sanchez,835,00:00:34.750,41.0,27.1,6.3,37.5
Hugo_Sanchez,836,00:00:34.791,42.9,27.0,6.3,37.5
Hugo_Sanchez,837,00:00:34.833,45.6,26.9,6.4,37.4
Hugo_Sanchez,838,00:00:34.875,49.7,26.7,6.5,37.2
Hugo_Sanchez,839,00:00:34.916,55.9,26.3,6.7,37.0
Hugo_Sanchez,840,00:00:34.958,59.3,26.1,6.9,36.6
Hugo_Sanchez,841,00:00:35.000,58.0,26.0,7.2,36.2
Hugo_Sanchez,842,00:00:35.041,59.7,25.8,7.4,35.9
Hugo_Sanchez,843,00:00:35.083,61.2,25.6,7.7,35.5
Hugo_Sanchez,844,00:00:35.125,61.5,25.4,7.8,35.2
Hugo_Sanchez,845,00:00:35.166,60.1,25.1,8.0,34.8
Hugo_Sanchez,846,00:00:35.208,58.2,25.0,8.0,34.5
Hugo_Sanchez,847,00:00:35.250,57.2,24.7,7.9,34.2
Hugo_Sanchez,848,00:00:35.291,57.5,24.5,7.8,33.8
Hugo_Sanchez,849,00:00:35.333,58.9,24.4,7.7,33.4
Hugo_Sanchez,850,00:00:35.375,61.1,24.2,7.6,33.0
Hugo_Sanchez,851,00:00:35.416,63.6,24.0,7.5,32.6
Hugo_Sanchez,852,00:00:35.458,66.0,23.9,7.6,32.1
Hugo_Sanchez,853,00:00:35.500,68.0,23.7,7.7,31.7
Hugo_Sanchez,854,00:00:35.541,69.5,23.6,8.0,31.2
Hugo_Sanchez,855,00:00:35.583,70.5,23.5,8.3,30.7
Hugo_Sanchez,856,00:00:35.625,71.4,23.3,8.7,30.1
Hugo_Sanchez,857,00:00:35.666,71.9,23.1,9.2,29.5
Hugo_Sanchez,858,00:00:35.708,72.1,22.9,9.7,28.9
Hugo_Sanchez,859,00:00:35.750,72.5,22.7,10.3,28.2
Hugo_Sanchez,860,00:00:35.791,73.3,22.5,11.0,27.6
Hugo_Sanchez,861,00:00:35.833,74.5,22.4,11.7,27.0
Hugo_Sanchez,862,00:00:35.875,76.0,22.2,12.6,26.7
Hugo_Sanchez,863,00:00:35.916,77.7,22.1,13.7,26.6
Hugo_Sanchez,864,00:00:35.958,81.0,21.9,15.1,27.0
Hugo_Sanchez,865,00:00:36.000,86.8,21.7,16.8,28.0
Hugo_Sanchez,866,00:00:36.041,88.7,21.6,18.9,29.7
Hugo_Sanchez,867,00:00:36.083,89.0,21.6,21.5,32.4
Hugo_Sanchez,868,00:00:36.125,88.9,21.3,24.5,36.1
Hugo_Sanchez,869,00:00:36.166,88.4,21.2,27.8,40.6
Hugo_Sanchez,870,00:00:36.208,85.8,21.1,31.2,45.9
Hugo_Sanchez,871,00:00:36.250,79.2,21.1,34.7,51.4
Hugo_Sanchez,872,00:00:36.291,65.6,21.1,38.0,57.0
Hugo_Sanchez,873,00:00:36.333,50.1,42.0,40.9,62.1
Hugo_Sanchez,874,00:00:36.375,43.8,41.9,43.3,66.5
Hugo_Sanchez,875,00:00:36.416,48.1,42.1,45.3,70.0
Hugo_Sanchez,876,00:00:36.458,52.1,42.2,46.8,72.7
Hugo_Sanchez,877,00:00:36.500,53.4,42.6,47.9,74.6
Hugo_Sanchez,878,00:00:36.541,53.3,42.5,48.6,75.8
Hugo_Sanchez,879,00:00:36.583,53.0,42.7,49.1,76.6
Hugo_Sanchez,880,00:00:36.625,52.8,42.7,49.5,77.0
Hugo_Sanchez,881,00:00:36.666,52.1,43.1,49.7,77.3
Hugo_Sanchez,882,00:00:36.708,50.5,43.0,49.8,77.4
Hugo_Sanchez,883,00:00:36.750,48.0,43.1,50.0,77.5
Hugo_Sanchez,884,00:00:36.791,45.5,43.0,50.0,77.5
Hugo_Sanchez,885,00:00:36.833,43.9,43.4,50.1,77.5
Hugo_Sanchez,886,00:00:36.875,43.8,43.2,50.1,77.5
Hugo_Sanchez,887,00:00:36.916,45.1,43.2,50.1,77.5
Hugo_Sanchez,888,00:00:36.958,45.2,43.1,50.1,77.5
Hugo_Sanchez,889,00:00:37.000,44.4,43.5,50.1,77.5
Hugo_Sanchez,890,00:00:37.041,47.0,43.5,50.1,77.4
Hugo_Sanchez,891,00:00:37.083,48.9,43.5,50.1,77.4
Hugo_Sanchez,892,00:00:37.125,47.3,43.4,50.1,77.4
Hugo_Sanchez,893,00:00:37.166,43.4,43.7,50.0,77.4
Hugo_Sanchez,894,00:00:37.208,40.2,43.6,50.0,77.4
Hugo_Sanchez,895,00:00:37.250,38.8,43.6,50.0,77.4
Hugo_Sanchez,896,00:00:37.291,39.0,43.6,50.1,77.4
Hugo_Sanchez,897,00:00:37.333,39.9,43.8,50.2,77.5
Hugo_Sanchez,898,00:00:37.375,41.1,43.5,50.5,77.6
Hugo_Sanchez,899,00:00:37.416,42.1,43.4,51.0,77.7
Hugo_Sanchez,900,00:00:37.458,42.9,43.2,51.6,78.0
Hugo_Sanchez,901,00:00:37.500,43.4,43.6,52.4,78.3
Hugo_Sanchez,902,00:00:37.541,43.5,43.5,53.2,78.7
Hugo_Sanchez,903,00:00:37.583,43.0,43.5,54.1,79.2
Hugo_Sanchez,904,00:00:37.625,41.1,43.4,54.9,79.6
Hugo_Sanchez,905,00:00:37.666,38.1,30.6,55.5,80.0
Hugo_Sanchez,906,00:00:37.708,36.0,30.8,55.9,80.5
Hugo_Sanchez,907,00:00:37.750,36.1,30.9,56.0,80.8
Hugo_Sanchez,908,00:00:37.791,36.4,30.9,55.8,81.2
Hugo_Sanchez,909,00:00:37.833,36.6,31.2,55.5,81.4
Hugo_Sanchez,910,00:00:37.875,38.1,31.1,55.0,81.5
Hugo_Sanchez,911,00:00:37.916,42.9,31.3,54.5,81.5
Hugo_Sanchez,912,00:00:37.958,43.4,30.9,53.9,81.3
Hugo_Sanchez,913,00:00:38.000,35.7,30.5,53.3,80.9
Hugo_Sanchez,914,00:00:38.041,36.1,30.6,52.6,80.3
Hugo_Sanchez,915,00:00:38.083,37.8,29.1,51.9,79.6
Hugo_Sanchez,916,00:00:38.125,37.3,29.0,51.0,78.7
Hugo_Sanchez,917,00:00:38.166,35.6,29.2,50.1,77.8
Hugo_Sanchez,918,00:00:38.208,34.4,29.3,49.2,76.8
Hugo_Sanchez,919,00:00:38.250,34.8,29.1,48.5,76.1
Hugo_Sanchez,920,00:00:38.291,36.8,29.0,47.9,75.5
Hugo_Sanchez,921,00:00:38.333,39.4,29.3,47.6,75.2
Hugo_Sanchez,922,00:00:38.375,41.4,29.5,47.5,75.2
Hugo_Sanchez,923,00:00:38.416,42.2,30.1,47.6,75.5
Hugo_Sanchez,924,00:00:38.458,41.8,30.2,47.9,76.0
Hugo_Sanchez,925,00:00:38.500,41.0,30.5,48.2,76.7
Hugo_Sanchez,926,00:00:38.541,40.5,30.3,48.6,77.4
Hugo_Sanchez,927,00:00:38.583,39.8,29.8,48.9,78.1
Hugo_Sanchez,928,00:00:38.625,38.6,29.7,49.2,78.8
Hugo_Sanchez,929,00:00:38.666,36.5,30.0,49.5,79.4
Hugo_Sanchez,930,00:00:38.708,33.8,30.3,49.9,80.1
Hugo_Sanchez,931,00:00:38.750,31.0,30.6,50.3,80.7
Hugo_Sanchez,932,00:00:38.791,29.2,30.7,50.8,81.3
Hugo_Sanchez,933,00:00:38.833,28.7,30.8,51.4,81.9
Hugo_Sanchez,934,00:00:38.875,30.6,30.8,51.9,82.5
Hugo_Sanchez,935,00:00:38.916,36.3,31.0,52.3,83.0
Hugo_Sanchez,936,00:00:38.958,46.8,30.9,52.6,83.5
Hugo_Sanchez,937,00:00:39.000,60.4,30.3,52.7,83.7
Hugo_Sanchez,938,00:00:39.041,66.4,30.5,52.6,83.8
Hugo_Sanchez,939,00:00:39.083,68.5,30.6,52.2,83.7
Hugo_Sanchez,940,00:00:39.125,66.6,30.5,51.5,83.3
Hugo_Sanchez,941,00:00:39.166,62.9,30.7,50.6,82.7
Hugo_Sanchez,942,00:00:39.208,58.5,30.3,49.5,81.9
Hugo_Sanchez,943,00:00:39.250,54.6,30.6,48.2,81.0
Hugo_Sanchez,944,00:00:39.291,51.0,30.2,47.0,80.0
Hugo_Sanchez,945,00:00:39.333,47.4,29.9,45.8,79.0
Hugo_Sanchez,946,00:00:39.375,43.9,29.8,44.9,78.2
Hugo_Sanchez,947,00:00:39.416,40.5,29.4,44.5,77.6
Hugo_Sanchez,948,00:00:39.458,37.5,29.4,44.5,77.2
Hugo_Sanchez,949,00:00:39.500,34.8,29.6,45.0,77.0
Hugo_Sanchez,950,00:00:39.541,32.5,29.9,46.0,77.2
Hugo_Sanchez,951,00:00:39.583,31.1,30.4,47.5,77.5
Hugo_Sanchez,952,00:00:39.625,30.9,30.5,49.1,77.8
Hugo_Sanchez,953,00:00:39.666,31.5,30.6,51.0,78.2
Hugo_Sanchez,954,00:00:39.708,32.7,30.6,52.7,78.4
Hugo_Sanchez,955,00:00:39.750,34.9,31.1,54.2,78.2
Hugo_Sanchez,956,00:00:39.791,38.1,31.2,55.4,77.7
Hugo_Sanchez,957,00:00:39.833,42.6,31.5,56.1,76.4
Hugo_Sanchez,958,00:00:39.875,49.4,31.5,56.2,74.4
Hugo_Sanchez,959,00:00:39.916,59.5,31.5,55.7,71.5
Hugo_Sanchez,960,00:00:39.958,68.8,31.7,54.4,67.6
Hugo_Sanchez,961,00:00:40.000,74.2,31.8,52.4,63.0
Hugo_Sanchez,962,00:00:40.041,75.6,31.3,49.9,57.8
Hugo_Sanchez,963,00:00:40.083,75.3,31.0,47.0,52.3
Hugo_Sanchez,964,00:00:40.125,74.3,29.1,43.9,47.0
Hugo_Sanchez,965,00:00:40.166,71.8,29.5,40.8,42.1
Hugo_Sanchez,966,00:00:40.208,66.8,29.9,38.0,37.9
Hugo_Sanchez,967,00:00:40.250,58.2,30.4,35.7,34.6
Hugo_Sanchez,968,00:00:40.291,48.1,30.6,33.7,32.2
Hugo_Sanchez,969,00:00:40.333,43.1,31.0,32.3,30.6
Hugo_Sanchez,970,00:00:40.375,42.0,31.1,31.2,29.7
Hugo_Sanchez,971,00:00:40.416,43.5,31.3,30.4,29.1
Hugo_Sanchez,972,00:00:40.458,44.6,31.4,29.8,28.8
Hugo_Sanchez,973,00:00:40.500,45.6,31.3,29.3,28.7
Hugo_Sanchez,974,00:00:40.541,46.5,31.2,28.9,28.6
Hugo_Sanchez,975,00:00:40.583,46.9,31.3,28.4,28.5
Hugo_Sanchez,976,00:00:40.625,46.7,31.2,28.1,28.4
Hugo_Sanchez,977,00:00:40.666,45.7,31.2,28.0,28.3
Hugo_Sanchez,978,00:00:40.708,45.6,31.0,27.9,28.2
Hugo_Sanchez,979,00:00:40.750,48.9,31.0,28.1,28.1
Hugo_Sanchez,980,00:00:40.791,53.5,30.9,28.5,28.0
Hugo_Sanchez,981,00:00:40.833,58.0,29.8,29.0,28.0
Hugo_Sanchez,982,00:00:40.875,61.7,29.9,29.6,28.0
Hugo_Sanchez,983,00:00:40.916,62.4,30.2,30.3,28.0
Hugo_Sanchez,984,00:00:40.958,55.3,30.3,30.9,28.1
Hugo_Sanchez,985,00:00:41.000,44.7,30.6,31.6,28.4
Hugo_Sanchez,986,00:00:41.041,42.3,30.7,32.3,28.8
Hugo_Sanchez,987,00:00:41.083,42.1,30.8,33.0,29.5
Hugo_Sanchez,988,00:00:41.125,42.3,30.7,33.8,30.4
Hugo_Sanchez,989,00:00:41.166,42.3,30.9,34.6,31.5
Hugo_Sanchez,990,00:00:41.208,41.6,30.7,35.5,32.7
Hugo_Sanchez,991,00:00:41.250,41.3,30.7,36.5,34.0
Hugo_Sanchez,992,00:00:41.291,40.2,31.3,37.4,35.2
Hugo_Sanchez,993,00:00:41.333,38.0,31.6,38.2,36.2
Hugo_Sanchez,994,00:00:41.375,34.2,33.0,38.9,37.0
Hugo_Sanchez,995,00:00:41.416,30.6,33.4,39.4,37.5
Hugo_Sanchez,996,00:00:41.458,31.8,34.0,39.7,37.8
Hugo_Sanchez,997,00:00:41.500,36.0,34.2,39.8,38.0
Hugo_Sanchez,998,00:00:41.541,37.8,34.6,39.7,38.1
Hugo_Sanchez,999,00:00:41.583,36.5,35.0,39.4,38.2
Hugo_Sanchez,1000,00:00:41.625,32.9,35.2,38.8,38.3
Hugo_Sanchez,1001,00:00:41.666,27.7,35.5,38.1,38.5
Hugo_Sanchez,1002,00:00:41.708,24.1,35.6,37.1,38.8
Hugo_Sanchez,1003,00:00:41.750,25.0,36.1,36.0,39.1
Hugo_Sanchez,1004,00:00:41.791,26.4,36.8,34.9,39.5
Hugo_Sanchez,1005,00:00:41.833,27.0,36.9,33.8,39.9
Hugo_Sanchez,1006,00:00:41.875,26.8,37.1,32.8,40.3
Hugo_Sanchez,1007,00:00:41.916,24.4,37.2,32.0,40.7
Hugo_Sanchez,1008,00:00:41.958,20.4,37.1,31.5,41.0
Hugo_Sanchez,1009,00:00:42.000,17.2,36.2,31.1,41.4
Hugo_Sanchez,1010,00:00:42.041,15.6,36.3,31.0,41.8
Hugo_Sanchez,1011,00:00:42.083,15.1,36.5,31.0,42.2
Hugo_Sanchez,1012,00:00:42.125,15.2,36.7,31.1,42.5
Hugo_Sanchez,1013,00:00:42.166,15.8,36.8,31.3,42.9
Hugo_Sanchez,1014,00:00:42.208,16.4,36.9,31.5,43.2
Hugo_Sanchez,1015,00:00:42.250,16.6,36.8,31.6,43.6
Hugo_Sanchez,1016,00:00:42.291,16.4,36.8,31.8,43.8
Hugo_Sanchez,1017,00:00:42.333,15.6,36.9,31.9,44.0
Hugo_Sanchez,1018,00:00:42.375,15.0,36.8,32.1,44.1
Hugo_Sanchez,1019,00:00:42.416,15.4,36.9,32.3,44.1
Hugo_Sanchez,1020,00:00:42.458,15.6,36.9,32.6,44.0
Hugo_Sanchez,1021,00:00:42.500,15.7,36.7,33.1,43.8
Hugo_Sanchez,1022,00:00:42.541,16.6,39.4,33.8,43.4
Hugo_Sanchez,1023,00:00:42.583,17.3,40.2,34.6,43.0
Hugo_Sanchez,1024,00:00:42.625,16.9,40.1,35.5,42.5
Hugo_Sanchez,1025,00:00:42.666,15.3,39.6,36.5,42.0
Hugo_Sanchez,1026,00:00:42.708,13.1,40.0,37.6,41.6
Hugo_Sanchez,1027,00:00:42.750,10.7,40.1,38.6,41.2
Hugo_Sanchez,1028,00:00:42.791,9.4,40.0,39.6,40.9
Hugo_Sanchez,1029,00:00:42.833,10.1,39.6,40.4,40.6
Hugo_Sanchez,1030,00:00:42.875,10.9,38.8,41.1,40.5
Hugo_Sanchez,1031,00:00:42.916,11.4,38.6,41.6,40.4
Hugo_Sanchez,1032,00:00:42.958,13.9,38.5,41.8,40.5
Hugo_Sanchez,1033,00:00:43.000,21.5,37.9,41.8,40.6
Hugo_Sanchez,1034,00:00:43.041,23.8,37.1,41.6,40.8
Hugo_Sanchez,1035,00:00:43.083,25.4,36.5,41.4,41.1
Hugo_Sanchez,1036,00:00:43.125,26.9,36.2,41.1,41.4
Hugo_Sanchez,1037,00:00:43.166,28.4,35.9,40.9,41.7
Hugo_Sanchez,1038,00:00:43.208,29.9,35.8,41.0,42.0
Hugo_Sanchez,1039,00:00:43.250,32.1,35.2,41.3,42.3
Hugo_Sanchez,1040,00:00:43.291,35.5,35.0,42.0,42.8
Hugo_Sanchez,1041,00:00:43.333,38.5,34.6,42.9,43.3
Hugo_Sanchez,1042,00:00:43.375,40.3,34.0,44.0,43.9
Hugo_Sanchez,1043,00:00:43.416,41.8,33.4,45.3,44.6
Hugo_Sanchez,1044,00:00:43.458,43.3,33.3,46.5,45.5
Hugo_Sanchez,1045,00:00:43.500,44.6,33.1,47.7,46.3
Hugo_Sanchez,1046,00:00:43.541,45.8,32.9,48.6,47.2
Hugo_Sanchez,1047,00:00:43.583,47.4,32.8,49.4,48.0
Hugo_Sanchez,1048,00:00:43.625,49.7,32.7,49.9,48.8
Hugo_Sanchez,1049,00:00:43.666,53.0,32.2,50.3,49.7
Hugo_Sanchez,1050,00:00:43.708,56.7,32.6,50.6,50.8
Hugo_Sanchez,1051,00:00:43.750,60.3,32.6,50.8,52.1
Hugo_Sanchez,1052,00:00:43.791,63.5,32.4,51.0,53.8
Hugo_Sanchez,1053,00:00:43.833,66.3,32.2,51.3,55.9
Hugo_Sanchez,1054,00:00:43.875,69.1,31.6,51.5,58.3
Hugo_Sanchez,1055,00:00:43.916,71.6,31.5,51.8,61.0
Hugo_Sanchez,1056,00:00:43.958,62.3,42.0,52.1,63.9
Hugo_Sanchez,1057,00:00:44.000,40.8,42.0,52.4,66.6
Hugo_Sanchez,1058,00:00:44.041,37.1,41.9,52.8,69.1
Hugo_Sanchez,1059,00:00:44.083,37.3,41.8,53.2,71.1
Hugo_Sanchez,1060,00:00:44.125,35.9,41.8,53.5,72.8
Hugo_Sanchez,1061,00:00:44.166,33.0,42.1,53.8,73.8
Hugo_Sanchez,1062,00:00:44.208,30.3,41.8,53.9,74.5
Hugo_Sanchez,1063,00:00:44.250,29.0,41.5,53.9,74.7
Hugo_Sanchez,1064,00:00:44.291,29.6,40.6,53.8,74.5
Hugo_Sanchez,1065,00:00:44.333,32.0,40.4,53.6,74.1
Hugo_Sanchez,1066,00:00:44.375,35.5,40.4,53.3,73.4
Hugo_Sanchez,1067,00:00:44.416,39.0,40.8,53.0,72.7
Hugo_Sanchez,1068,00:00:44.458,41.4,40.9,52.6,72.1
Hugo_Sanchez,1069,00:00:44.500,42.4,41.5,52.3,71.5
Hugo_Sanchez,1070,00:00:44.541,42.3,42.0,52.0,71.0
Hugo_Sanchez,1071,00:00:44.583,40.2,42.9,51.8,70.8
Hugo_Sanchez,1072,00:00:44.625,36.4,43.1,51.7,70.8
Hugo_Sanchez,1073,00:00:44.666,32.4,43.3,51.5,71.0
Hugo_Sanchez,1074,00:00:44.708,29.0,42.8,51.4,71.4
Hugo_Sanchez,1075,00:00:44.750,27.0,42.5,51.3,71.8
Hugo_Sanchez,1076,00:00:44.791,26.3,41.7,51.2,72.4
Hugo_Sanchez,1077,00:00:44.833,27.1,41.7,51.1,72.9
Hugo_Sanchez,1078,00:00:44.875,29.8,41.1,51.0,73.4
Hugo_Sanchez,1079,00:00:44.916,35.0,41.1,50.8,73.7
Hugo_Sanchez,1080,00:00:44.958,41.1,41.0,50.6,73.9
Hugo_Sanchez,1081,00:00:45.000,42.1,42.2,50.4,74.0
Hugo_Sanchez,1082,00:00:45.041,46.5,42.1,50.1,74.0
Hugo_Sanchez,1083,00:00:45.083,49.2,42.1,49.8,73.8
Hugo_Sanchez,1084,00:00:45.125,47.9,41.8,49.6,73.7
Hugo_Sanchez,1085,00:00:45.166,44.3,42.3,49.6,73.5
Hugo_Sanchez,1086,00:00:45.208,40.6,43.0,49.6,73.3
Hugo_Sanchez,1087,00:00:45.250,38.1,43.6,49.8,73.1
Hugo_Sanchez,1088,00:00:45.291,36.7,43.7,50.2,72.9
Hugo_Sanchez,1089,00:00:45.333,35.8,43.9,50.6,72.8
Hugo_Sanchez,1090,00:00:45.375,34.9,43.4,51.1,72.6
Hugo_Sanchez,1091,00:00:45.416,33.9,43.1,51.6,72.4
Hugo_Sanchez,1092,00:00:45.458,32.8,42.8,52.1,72.1
Hugo_Sanchez,1093,00:00:45.500,31.7,43.0,52.4,71.7
Hugo_Sanchez,1094,00:00:45.541,30.8,42.8,52.7,71.3
Hugo_Sanchez,1095,00:00:45.583,30.2,42.9,52.8,70.9
Hugo_Sanchez,1096,00:00:45.625,29.9,42.9,52.8,70.4
Hugo_Sanchez,1097,00:00:45.666,30.2,43.1,52.6,70.0
Hugo_Sanchez,1098,00:00:45.708,31.1,42.9,52.3,69.6
Hugo_Sanchez,1099,00:00:45.750,32.4,43.1,51.9,69.2
Hugo_Sanchez,1100,00:00:45.791,34.1,43.5,51.5,68.9
Hugo_Sanchez,1101,00:00:45.833,36.2,44.4,51.0,68.7
Hugo_Sanchez,1102,00:00:45.875,39.2,44.6,50.6,68.5
Hugo_Sanchez,1103,00:00:45.916,43.8,44.8,50.2,68.4
Hugo_Sanchez,1104,00:00:45.958,44.7,44.6,49.8,68.4
Hugo_Sanchez,1105,00:00:46.000,40.1,45.2,49.5,68.4
Hugo_Sanchez,1106,00:00:46.041,40.6,45.2,49.2,68.5
Hugo_Sanchez,1107,00:00:46.083,42.4,45.4,49.0,68.7
Hugo_Sanchez,1108,00:00:46.125,42.9,45.3,48.8,68.9
Hugo_Sanchez,1109,00:00:46.166,42.2,45.5,48.6,69.1
Hugo_Sanchez,1110,00:00:46.208,41.6,45.2,48.5,69.3
Hugo_Sanchez,1111,00:00:46.250,42.4,45.0,48.4,69.5
Hugo_Sanchez,1112,00:00:46.291,44.2,44.3,48.2,69.7
Hugo_Sanchez,1113,00:00:46.333,46.7,44.1,48.1,69.9
Hugo_Sanchez,1114,00:00:46.375,49.5,43.2,47.8,70.1
Hugo_Sanchez,1115,00:00:46.416,52.2,42.5,47.5,70.1
Hugo_Sanchez,1116,00:00:46.458,54.1,41.7,47.1,70.1
Hugo_Sanchez,1117,00:00:46.500,54.8,41.1,46.6,70.1
Hugo_Sanchez,1118,00:00:46.541,54.4,40.0,46.0,70.0
Hugo_Sanchez,1119,00:00:46.583,53.1,38.9,45.4,70.0
Hugo_Sanchez,1120,00:00:46.625,50.9,39.2,44.7,70.1
Hugo_Sanchez,1121,00:00:46.666,47.7,39.9,44.1,70.3
Hugo_Sanchez,1122,00:00:46.708,43.9,40.2,43.7,70.6
Hugo_Sanchez,1123,00:00:46.750,40.1,40.7,43.4,71.1
Hugo_Sanchez,1124,00:00:46.791,37.3,41.0,43.4,71.6
Hugo_Sanchez,1125,00:00:46.833,35.7,41.6,43.7,72.2
Hugo_Sanchez,1126,00:00:46.875,36.1,41.6,44.3,72.6
Hugo_Sanchez,1127,00:00:46.916,39.1,41.5,45.1,72.9
Hugo_Sanchez,1128,00:00:46.958,42.0,41.1,46.0,73.1
Hugo_Sanchez,1129,00:00:47.000,43.0,41.4,46.9,73.2
Hugo_Sanchez,1130,00:00:47.041,44.2,41.1,47.8,73.2
Hugo_Sanchez,1131,00:00:47.083,45.5,41.0,48.6,73.1
Hugo_Sanchez,1132,00:00:47.125,45.4,41.0,49.2,73.1
Hugo_Sanchez,1133,00:00:47.166,43.9,41.5,49.6,73.2
Hugo_Sanchez,1134,00:00:47.208,42.2,41.7,49.9,73.2
Hugo_Sanchez,1135,00:00:47.250,41.7,42.6,50.1,73.4
Hugo_Sanchez,1136,00:00:47.291,42.4,43.2,50.1,73.5
Hugo_Sanchez,1137,00:00:47.333,43.6,44.5,50.0,73.7
Hugo_Sanchez,1138,00:00:47.375,44.7,44.7,49.8,73.7
Hugo_Sanchez,1139,00:00:47.416,45.0,45.0,49.4,73.5
Hugo_Sanchez,1140,00:00:47.458,44.5,45.0,48.7,72.9
Hugo_Sanchez,1141,00:00:47.500,43.6,45.6,47.6,71.8
Hugo_Sanchez,1142,00:00:47.541,42.4,45.5,46.0,70.0
Hugo_Sanchez,1143,00:00:47.583,41.0,45.6,43.7,67.5
Hugo_Sanchez,1144,00:00:47.625,39.4,45.4,40.5,64.2
Hugo_Sanchez,1145,00:00:47.666,38.1,45.8,36.6,60.2
Hugo_Sanchez,1146,00:00:47.708,37.4,45.6,31.9,55.7
Hugo_Sanchez,1147,00:00:47.750,37.5,45.7,26.8,50.9
Hugo_Sanchez,1148,00:00:47.791,38.7,45.6,21.5,46.3
Hugo_Sanchez,1149,00:00:47.833,40.6,56.7,16.3,42.1
Hugo_Sanchez,1150,00:00:47.875,42.9,58.6,11.6,38.6
Hugo_Sanchez,1151,00:00:47.916,43.9,59.3,7.5,35.8
Hugo_Sanchez,1152,00:00:47.958,42.4,59.4,5.0,33.8
Hugo_Sanchez,1153,00:00:48.000,41.0,57.9,5.0,32.4
Hugo_Sanchez,1154,00:00:48.041,41.5,59.2,5.0,31.4
Hugo_Sanchez,1155,00:00:48.083,42.4,59.4,5.0,30.8
Hugo_Sanchez,1156,00:00:48.125,44.2,59.6,5.0,30.4
Hugo_Sanchez,1157,00:00:48.166,47.1,59.7,5.0,30.1
Hugo_Sanchez,1158,00:00:48.208,49.4,60.3,5.0,29.9
Hugo_Sanchez,1159,00:00:48.250,51.5,60.5,5.0,29.8
Hugo_Sanchez,1160,00:00:48.291,53.9,60.6,5.0,29.8
Hugo_Sanchez,1161,00:00:48.333,56.0,62.0,5.0,30.0
Hugo_Sanchez,1162,00:00:48.375,57.5,61.4,5.0,30.3
Hugo_Sanchez,1163,00:00:48.416,58.7,61.4,5.0,30.7
Hugo_Sanchez,1164,00:00:48.458,59.6,61.5,5.0,31.1
Hugo_Sanchez,1165,00:00:48.500,59.9,61.5,5.0,31.6
Hugo_Sanchez,1166,00:00:48.541,59.6,61.4,5.0,32.0
Hugo_Sanchez,1167,00:00:48.583,58.7,61.1,5.0,32.1
Hugo_Sanchez,1168,00:00:48.625,57.3,61.0,5.0,32.1
Hugo_Sanchez,1169,00:00:48.666,55.4,61.3,5.0,31.9
Hugo_Sanchez,1170,00:00:48.708,54.0,61.3,5.0,31.4
Hugo_Sanchez,1171,00:00:48.750,53.6,61.4,5.0,30.8
Hugo_Sanchez,1172,00:00:48.791,53.5,61.4,5.0,30.1
Hugo_Sanchez,1173,00:00:48.833,53.5,62.0,5.0,29.4
Hugo_Sanchez,1174,00:00:48.875,53.6,62.3,5.0,28.8
Hugo_Sanchez,1175,00:00:48.916,52.6,62.5,5.0,28.4
Hugo_Sanchez,1176,00:00:48.958,50.4,62.5,5.0,28.1
Hugo_Sanchez,1177,00:00:49.000,49.4,63.4,5.0,28.1
Hugo_Sanchez,1178,00:00:49.041,49.5,62.4,5.0,28.1
Hugo_Sanchez,1179,00:00:49.083,49.2,61.8,5.0,28.3
Hugo_Sanchez,1180,00:00:49.125,49.0,61.4,5.0,28.5
Hugo_Sanchez,1181,00:00:49.166,48.5,61.5,5.0,28.7
Hugo_Sanchez,1182,00:00:49.208,47.5,61.4,5.0,28.9
Hugo_Sanchez,1183,00:00:49.250,45.9,61.3,5.0,29.1
Hugo_Sanchez,1184,00:00:49.291,44.0,61.2,5.0,29.2
Hugo_Sanchez,1185,00:00:49.333,41.6,61.4,5.0,29.4
Hugo_Sanchez,1186,00:00:49.375,39.2,61.6,5.0,29.4
Hugo_Sanchez,1187,00:00:49.416,37.4,61.3,5.0,29.5
Hugo_Sanchez,1188,00:00:49.458,36.4,61.3,5.0,29.5
Hugo_Sanchez,1189,00:00:49.500,35.6,61.3,5.0,29.4
Hugo_Sanchez,1190,00:00:49.541,35.3,61.5,5.0,29.3
Hugo_Sanchez,1191,00:00:49.583,36.0,61.3,5.0,29.0
Hugo_Sanchez,1192,00:00:49.625,37.1,61.7,5.0,28.7
Hugo_Sanchez,1193,00:00:49.666,38.6,61.6,5.0,28.3
Hugo_Sanchez,1194,00:00:49.708,40.5,61.4,5.0,27.9
Hugo_Sanchez,1195,00:00:49.750,41.9,61.2,5.0,27.5
Hugo_Sanchez,1196,00:00:49.791,42.9,62.4,5.0,27.3
Hugo_Sanchez,1197,00:00:49.833,44.2,62.3,5.0,27.2
Hugo_Sanchez,1198,00:00:49.875,45.3,61.6,5.0,27.2
Hugo_Sanchez,1199,00:00:49.916,43.8,61.3,5.0,27.4
Hugo_Sanchez,1200,00:00:49.958,43.3,61.1,5.0,27.6
Hugo_Sanchez,1201,00:00:50.000,49.1,61.2,5.0,27.9
Hugo_Sanchez,1202,00:00:50.041,50.3,61.0,5.0,28.1
Hugo_Sanchez,1203,00:00:50.083,50.3,61.2,5.0,28.3
Hugo_Sanchez,1204,00:00:50.125,50.4,61.0,5.0,28.4
Hugo_Sanchez,1205,00:00:50.166,50.2,60.9,5.0,28.4
Hugo_Sanchez,1206,00:00:50.208,49.5,60.9,5.0,28.4
Hugo_Sanchez,1207,00:00:50.250,48.3,61.5,5.0,28.3
Hugo_Sanchez,1208,00:00:50.291,47.2,61.3,5.0,28.3
Hugo_Sanchez,1209,00:00:50.333,46.7,61.1,5.0,28.2
Hugo_Sanchez,1210,00:00:50.375,47.0,61.6,5.0,28.1
Hugo_Sanchez,1211,00:00:50.416,47.8,61.6,5.0,28.0
Hugo_Sanchez,1212,00:00:50.458,49.0,61.3,5.0,27.9
Hugo_Sanchez,1213,00:00:50.500,50.4,60.8,5.0,27.7
Hugo_Sanchez,1214,00:00:50.541,52.6,61.3,5.0,27.4
Hugo_Sanchez,1215,00:00:50.583,55.6,61.3,5.0,27.1
Hugo_Sanchez,1216,00:00:50.625,58.5,61.0,5.0,26.7
Hugo_Sanchez,1217,00:00:50.666,60.6,60.8,5.0,26.2
Hugo_Sanchez,1218,00:00:50.708,62.0,61.1,5.0,25.8
Hugo_Sanchez,1219,00:00:50.750,63.1,61.0,5.0,25.3
Hugo_Sanchez,1220,00:00:50.791,63.8,60.8,5.0,24.9
Hugo_Sanchez,1221,00:00:50.833,64.5,60.7,5.0,24.5
Hugo_Sanchez,1222,00:00:50.875,65.4,60.9,5.0,24.2
Hugo_Sanchez,1223,00:00:50.916,64.9,60.4,5.0,23.9
Hugo_Sanchez,1224,00:00:50.958,62.3,60.0,5.0,23.7
Hugo_Sanchez,1225,00:00:51.000,60.2,57.5,5.0,23.6
Hugo_Sanchez,1226,00:00:51.041,61.3,57.9,5.0,23.5
Hugo_Sanchez,1227,00:00:51.083,63.3,58.4,5.0,23.4
Hugo_Sanchez,1228,00:00:51.125,65.2,58.4,5.0,23.4
Hugo_Sanchez,1229,00:00:51.166,66.5,59.0,5.0,23.3
Hugo_Sanchez,1230,00:00:51.208,66.6,59.0,5.0,23.3
Hugo_Sanchez,1231,00:00:51.250,66.0,59.3,5.0,23.2
Hugo_Sanchez,1232,00:00:51.291,65.0,59.4,5.0,23.2
Hugo_Sanchez,1233,00:00:51.333,64.0,59.9,5.0,23.2
Hugo_Sanchez,1234,00:00:51.375,63.1,60.4,5.0,23.3
Hugo_Sanchez,1235,00:00:51.416,62.0,60.8,5.0,23.6
Hugo_Sanchez,1236,00:00:51.458,61.1,61.4,5.0,24.2
Hugo_Sanchez,1237,00:00:51.500,60.8,61.4,5.0,25.3
Hugo_Sanchez,1238,00:00:51.541,61.0,61.4,5.0,27.1
Hugo_Sanchez,1239,00:00:51.583,61.6,61.2,5.0,29.9
Hugo_Sanchez,1240,00:00:51.625,62.5,61.2,5.0,33.5
Hugo_Sanchez,1241,00:00:51.666,63.5,61.1,6.1,38.1
Hugo_Sanchez,1242,00:00:51.708,64.0,61.2,12.2,43.4
Hugo_Sanchez,1243,00:00:51.750,63.3,61.5,18.9,49.1
Hugo_Sanchez,1244,00:00:51.791,61.3,61.5,25.5,54.7
Hugo_Sanchez,1245,00:00:51.833,58.3,42.3,31.6,59.9
Hugo_Sanchez,1246,00:00:51.875,53.6,42.4,36.8,64.5
Hugo_Sanchez,1247,00:00:51.916,46.2,42.6,40.9,68.1
Hugo_Sanchez,1248,00:00:51.958,34.6,42.7,44.0,70.8
Hugo_Sanchez,1249,00:00:52.000,24.1,42.8,46.1,72.6
Hugo_Sanchez,1250,00:00:52.041,21.7,42.9,47.5,73.7
Hugo_Sanchez,1251,00:00:52.083,20.7,43.1,48.4,74.4
Hugo_Sanchez,1252,00:00:52.125,19.5,43.1,48.9,74.6
Hugo_Sanchez,1253,00:00:52.166,18.1,43.2,49.4,74.7
Hugo_Sanchez,1254,00:00:52.208,16.4,43.1,49.7,74.6
Hugo_Sanchez,1255,00:00:52.250,15.2,43.4,50.0,74.5
Hugo_Sanchez,1256,00:00:52.291,14.6,43.3,50.2,74.3
Hugo_Sanchez,1257,00:00:52.333,14.2,43.5,50.5,74.1
Hugo_Sanchez,1258,00:00:52.375,14.1,43.6,50.6,73.9
Hugo_Sanchez,1259,00:00:52.416,14.0,43.8,50.7,73.7
Hugo_Sanchez,1260,00:00:52.458,14.1,43.8,50.8,73.5
Hugo_Sanchez,1261,00:00:52.500,14.2,44.2,50.8,73.3
Hugo_Sanchez,1262,00:00:52.541,14.3,44.1,50.7,73.2
Hugo_Sanchez,1263,00:00:52.583,14.4,44.2,50.7,73.0
Hugo_Sanchez,1264,00:00:52.625,14.5,44.0,50.6,72.9
Hugo_Sanchez,1265,00:00:52.666,14.5,44.2,50.5,72.9
Hugo_Sanchez,1266,00:00:52.708,14.3,44.0,50.4,72.9
Hugo_Sanchez,1267,00:00:52.750,14.0,44.1,50.3,72.9
Hugo_Sanchez,1268,00:00:52.791,13.8,44.0,50.2,72.9
Hugo_Sanchez,1269,00:00:52.833,13.9,44.2,50.0,73.0
Hugo_Sanchez,1270,00:00:52.875,14.5,44.2,50.0,73.0
Hugo_Sanchez,1271,00:00:52.916,15.8,44.2,49.9,73.1
Hugo_Sanchez,1272,00:00:52.958,19.1,44.1,49.8,73.1
Hugo_Sanchez,1273,00:00:53.000,26.2,44.4,49.8,73.2
Hugo_Sanchez,1274,00:00:53.041,29.6,44.3,49.8,73.2
Hugo_Sanchez,1275,00:00:53.083,30.3,44.4,49.9,73.2
Hugo_Sanchez,1276,00:00:53.125,27.7,44.3,50.0,73.2
Hugo_Sanchez,1277,00:00:53.166,24.0,44.4,50.2,73.2
Hugo_Sanchez,1278,00:00:53.208,20.6,44.2,50.5,73.2
Hugo_Sanchez,1279,00:00:53.250,18.2,44.3,50.7,73.2
Hugo_Sanchez,1280,00:00:53.291,16.6,44.1,50.9,73.2
Hugo_Sanchez,1281,00:00:53.333,15.6,44.4,51.1,73.2
Hugo_Sanchez,1282,00:00:53.375,14.8,44.3,51.2,73.2
Hugo_Sanchez,1283,00:00:53.416,14.3,44.4,51.2,73.2
Hugo_Sanchez,1284,00:00:53.458,14.1,44.2,51.1,73.2
Hugo_Sanchez,1285,00:00:53.500,14.4,44.6,51.0,73.3
Hugo_Sanchez,1286,00:00:53.541,15.1,44.4,50.9,73.4
Hugo_Sanchez,1287,00:00:53.583,15.9,44.3,50.7,73.5
Hugo_Sanchez,1288,00:00:53.625,16.8,44.0,50.5,73.6
Hugo_Sanchez,1289,00:00:53.666,17.3,44.1,50.3,73.7
Hugo_Sanchez,1290,00:00:53.708,17.5,43.9,50.1,73.8
Hugo_Sanchez,1291,00:00:53.750,17.3,43.8,49.8,73.8
Hugo_Sanchez,1292,00:00:53.791,17.2,43.6,49.5,73.9
Hugo_Sanchez,1293,00:00:53.833,17.2,43.5,49.2,74.0
Hugo_Sanchez,1294,00:00:53.875,17.7,43.0,48.9,74.0
Hugo_Sanchez,1295,00:00:53.916,18.6,42.6,48.6,74.0
Hugo_Sanchez,1296,00:00:53.958,22.4,42.1,48.4,73.9
Hugo_Sanchez,1297,00:00:54.000,32.4,41.9,48.1,73.8
Hugo_Sanchez,1298,00:00:54.041,37.0,42.0,47.8,73.5
Hugo_Sanchez,1299,00:00:54.083,39.4,42.1,47.5,73.1
Hugo_Sanchez,1300,00:00:54.125,38.8,41.9,47.3,72.7
Hugo_Sanchez,1301,00:00:54.166,35.9,42.0,47.2,72.3
Hugo_Sanchez,1302,00:00:54.208,32.2,41.9,47.1,71.8
Hugo_Sanchez,1303,00:00:54.250,28.8,42.1,47.1,71.4
Hugo_Sanchez,1304,00:00:54.291,26.0,42.1,47.2,71.0
Hugo_Sanchez,1305,00:00:54.333,23.9,42.6,47.4,70.7
Hugo_Sanchez,1306,00:00:54.375,22.3,42.9,47.7,70.5
Hugo_Sanchez,1307,00:00:54.416,21.4,43.0,48.1,70.4
Hugo_Sanchez,1308,00:00:54.458,21.3,43.1,48.4,70.3
Hugo_Sanchez,1309,00:00:54.500,22.0,43.4,48.8,70.3
Hugo_Sanchez,1310,00:00:54.541,23.3,43.5,49.1,70.3
Hugo_Sanchez,1311,00:00:54.583,25.0,43.7,49.3,70.3
Hugo_Sanchez,1312,00:00:54.625,26.6,43.6,49.4,70.3
Hugo_Sanchez,1313,00:00:54.666,27.6,43.9,49.4,70.3
Hugo_Sanchez,1314,00:00:54.708,27.9,43.8,49.3,70.3
Hugo_Sanchez,1315,00:00:54.750,27.6,43.8,49.2,70.3
Hugo_Sanchez,1316,00:00:54.791,27.4,43.8,49.0,70.3
Hugo_Sanchez,1317,00:00:54.833,27.8,44.0,48.8,70.2
Hugo_Sanchez,1318,00:00:54.875,29.8,43.8,48.5,70.1
Hugo_Sanchez,1319,00:00:54.916,34.4,43.8,48.4,70.0
Hugo_Sanchez,1320,00:00:54.958,38.5,43.9,48.2,69.9
Hugo_Sanchez,1321,00:00:55.000,39.8,44.7,48.1,69.8
Hugo_Sanchez,1322,00:00:55.041,43.2,44.7,48.0,69.8
Hugo_Sanchez,1323,00:00:55.083,45.4,44.6,48.0,69.8
Hugo_Sanchez,1324,00:00:55.125,43.4,44.5,48.2,69.8
Hugo_Sanchez,1325,00:00:55.166,39.6,44.9,48.4,69.9
Hugo_Sanchez,1326,00:00:55.208,36.2,44.8,48.7,70.0
Hugo_Sanchez,1327,00:00:55.250,34.2,44.8,49.1,70.1
Hugo_Sanchez,1328,00:00:55.291,33.5,44.3,49.4,70.2
Hugo_Sanchez,1329,00:00:55.333,33.7,44.5,49.6,70.3
Hugo_Sanchez,1330,00:00:55.375,34.2,44.5,49.8,70.5
Hugo_Sanchez,1331,00:00:55.416,34.8,44.6,49.8,70.6
Hugo_Sanchez,1332,00:00:55.458,35.3,44.7,49.6,70.7
Hugo_Sanchez,1333,00:00:55.500,35.6,44.9,49.4,70.8
Hugo_Sanchez,1334,00:00:55.541,35.7,44.6,49.2,70.8
Hugo_Sanchez,1335,00:00:55.583,35.6,44.4,49.0,70.9
Hugo_Sanchez,1336,00:00:55.625,35.0,43.9,48.8,71.0
Hugo_Sanchez,1337,00:00:55.666,34.0,43.8,48.7,71.0
Hugo_Sanchez,1338,00:00:55.708,32.6,43.5,48.6,71.1
Hugo_Sanchez,1339,00:00:55.750,31.1,43.4,48.5,71.1
Hugo_Sanchez,1340,00:00:55.791,30.2,42.9,48.5,71.2
Hugo_Sanchez,1341,00:00:55.833,29.9,42.4,48.4,71.2
Hugo_Sanchez,1342,00:00:55.875,31.1,41.9,48.4,71.3
Hugo_Sanchez,1343,00:00:55.916,34.0,42.1,48.3,71.4
Hugo_Sanchez,1344,00:00:55.958,39.4,42.1,48.2,71.6
Hugo_Sanchez,1345,00:00:56.000,48.4,42.5,48.2,71.8
Hugo_Sanchez,1346,00:00:56.041,53.6,42.4,48.3,72.0
Hugo_Sanchez,1347,00:00:56.083,55.6,42.4,48.4,72.3
Hugo_Sanchez,1348,00:00:56.125,53.6,41.7,48.5,72.5
Hugo_Sanchez,1349,00:00:56.166,49.5,41.6,48.7,72.7
Hugo_Sanchez,1350,00:00:56.208,45.4,41.5,49.0,72.9
Hugo_Sanchez,1351,00:00:56.250,42.4,42.0,49.1,73.0
Hugo_Sanchez,1352,00:00:56.291,40.6,42.0,49.3,73.0
Hugo_Sanchez,1353,00:00:56.333,39.8,42.3,49.4,73.0
Hugo_Sanchez,1354,00:00:56.375,39.6,42.2,49.5,72.8
Hugo_Sanchez,1355,00:00:56.416,39.8,42.2,49.5,72.7
Hugo_Sanchez,1356,00:00:56.458,40.2,42.0,49.5,72.5
Hugo_Sanchez,1357,00:00:56.500,40.7,41.9,49.5,72.2
Hugo_Sanchez,1358,00:00:56.541,41.1,41.3,49.6,72.0
Hugo_Sanchez,1359,00:00:56.583,41.3,40.9,49.9,71.8
Hugo_Sanchez,1360,00:00:56.625,41.2,40.3,50.2,71.6
Hugo_Sanchez,1361,00:00:56.666,41.3,40.6,50.7,71.5
Hugo_Sanchez,1362,00:00:56.708,41.3,40.3,51.1,71.3
Hugo_Sanchez,1363,00:00:56.750,41.4,40.8,51.6,71.3
Hugo_Sanchez,1364,00:00:56.791,42.2,41.5,51.9,71.2
Hugo_Sanchez,1365,00:00:56.833,44.0,42.1,52.1,71.2
Hugo_Sanchez,1366,00:00:56.875,47.7,42.3,52.1,71.2
Hugo_Sanchez,1367,00:00:56.916,53.8,42.8,52.0,71.2
Hugo_Sanchez,1368,00:00:56.958,55.9,42.7,51.6,71.3
Hugo_Sanchez,1369,00:00:57.000,52.1,42.6,51.3,71.3
Hugo_Sanchez,1370,00:00:57.041,54.7,42.3,50.9,71.4
Hugo_Sanchez,1371,00:00:57.083,55.3,42.4,50.6,71.4
Hugo_Sanchez,1372,00:00:57.125,51.6,42.3,50.5,71.4
Hugo_Sanchez,1373,00:00:57.166,46.0,42.5,50.5,71.4
Hugo_Sanchez,1374,00:00:57.208,41.0,42.4,50.6,71.4
Hugo_Sanchez,1375,00:00:57.250,38.0,42.4,50.8,71.4
Hugo_Sanchez,1376,00:00:57.291,36.9,42.2,51.1,71.3
Hugo_Sanchez,1377,00:00:57.333,37.2,42.3,51.4,71.2
Hugo_Sanchez,1378,00:00:57.375,38.4,42.6,51.7,71.1
Hugo_Sanchez,1379,00:00:57.416,40.0,43.0,52.0,71.0
Hugo_Sanchez,1380,00:00:57.458,41.7,43.4,52.2,71.0
Hugo_Sanchez,1381,00:00:57.500,43.1,43.7,52.3,70.9
Hugo_Sanchez,1382,00:00:57.541,44.1,43.6,52.4,70.9
Hugo_Sanchez,1383,00:00:57.583,44.9,43.5,52.4,71.0
Hugo_Sanchez,1384,00:00:57.625,45.7,43.0,52.4,71.0
Hugo_Sanchez,1385,00:00:57.666,46.7,43.6,52.5,71.1
Hugo_Sanchez,1386,00:00:57.708,48.0,43.7,52.5,71.1
Hugo_Sanchez,1387,00:00:57.750,49.4,43.7,52.6,71.2
Hugo_Sanchez,1388,00:00:57.791,51.0,43.6,52.7,71.2
Hugo_Sanchez,1389,00:00:57.833,52.8,43.7,52.9,71.2
Hugo_Sanchez,1390,00:00:57.875,55.6,43.6,53.1,71.2
Hugo_Sanchez,1391,00:00:57.916,59.6,43.7,53.3,71.1
Hugo_Sanchez,1392,00:00:57.958,55.1,43.4,53.4,71.0
Hugo_Sanchez,1393,00:00:58.000,42.3,42.9,53.5,70.9
Hugo_Sanchez,1394,00:00:58.041,42.4,42.2,53.4,70.9
Hugo_Sanchez,1395,00:00:58.083,43.5,42.0,53.2,70.9
Hugo_Sanchez,1396,00:00:58.125,42.7,41.3,52.9,70.9
Hugo_Sanchez,1397,00:00:58.166,40.6,41.2,52.5,71.0
Hugo_Sanchez,1398,00:00:58.208,38.8,40.8,52.1,71.2
Hugo_Sanchez,1399,00:00:58.250,38.6,40.3,51.8,71.4
Hugo_Sanchez,1400,00:00:58.291,39.7,39.8,51.4,71.5
Hugo_Sanchez,1401,00:00:58.333,41.3,40.1,51.2,71.7
Hugo_Sanchez,1402,00:00:58.375,42.5,40.3,50.9,71.8
Hugo_Sanchez,1403,00:00:58.416,43.0,40.3,50.8,71.8
Hugo_Sanchez,1404,00:00:58.458,43.2,40.0,50.6,71.8
Hugo_Sanchez,1405,00:00:58.500,43.2,39.5,50.4,71.8
Hugo_Sanchez,1406,00:00:58.541,43.2,39.2,50.1,71.7
Hugo_Sanchez,1407,00:00:58.583,43.1,39.4,49.9,71.5
Hugo_Sanchez,1408,00:00:58.625,43.1,38.5,49.7,71.2
Hugo_Sanchez,1409,00:00:58.666,43.1,38.0,49.7,70.9
Hugo_Sanchez,1410,00:00:58.708,43.2,38.2,49.8,70.5
Hugo_Sanchez,1411,00:00:58.750,43.5,38.9,50.0,70.1
Hugo_Sanchez,1412,00:00:58.791,44.6,39.0,50.5,69.7
Hugo_Sanchez,1413,00:00:58.833,46.4,39.9,51.0,69.4
Hugo_Sanchez,1414,00:00:58.875,49.2,41.1,51.7,69.1
Hugo_Sanchez,1415,00:00:58.916,53.0,42.2,52.5,69.1
Hugo_Sanchez,1416,00:00:58.958,55.6,42.5,53.2,69.2
Hugo_Sanchez,1417,00:00:59.000,57.4,42.9,53.9,69.4
Hugo_Sanchez,1418,00:00:59.041,58.2,42.6,54.4,69.8
Hugo_Sanchez,1419,00:00:59.083,58.1,42.9,54.9,70.2
Hugo_Sanchez,1420,00:00:59.125,56.8,43.0,55.3,70.6
Hugo_Sanchez,1421,00:00:59.166,54.1,38.8,55.6,70.9
Hugo_Sanchez,1422,00:00:59.208,50.7,38.7,55.9,71.0
Hugo_Sanchez,1423,00:00:59.250,48.0,38.9,56.1,71.0
Hugo_Sanchez,1424,00:00:59.291,47.4,38.9,56.2,70.8
Hugo_Sanchez,1425,00:00:59.333,48.7,39.4,56.3,70.5
Hugo_Sanchez,1426,00:00:59.375,50.2,39.4,56.3,70.1
Hugo_Sanchez,1427,00:00:59.416,51.3,39.5,56.2,69.7
Hugo_Sanchez,1428,00:00:59.458,52.7,39.5,56.0,69.3
Hugo_Sanchez,1429,00:00:59.500,54.7,39.8,55.9,68.9
Hugo_Sanchez,1430,00:00:59.541,56.4,39.8,55.6,68.6
Hugo_Sanchez,1431,00:00:59.583,57.5,39.9,55.4,68.5
Hugo_Sanchez,1432,00:00:59.625,57.8,39.8,55.2,68.4
Hugo_Sanchez,1433,00:00:59.666,58.0,40.1,55.0,68.5
Hugo_Sanchez,1434,00:00:59.708,58.1,40.2,54.9,68.6
Hugo_Sanchez,1435,00:00:59.750,58.6,40.3,54.9,68.9
Hugo_Sanchez,1436,00:00:59.791,59.7,40.4,55.0,69.1
Hugo_Sanchez,1437,00:00:59.833,61.4,40.6,55.2,69.4
Hugo_Sanchez,1438,00:00:59.875,63.5,40.5,55.5,69.6
Hugo_Sanchez,1439,00:00:59.916,64.7,40.7,55.9,69.8
Hugo_Sanchez,1440,00:00:59.958,64.5,40.8,56.4,70.0
Hugo_Sanchez,1441,00:01:00.000,48.0,41.0,56.9,70.2
Hugo_Sanchez,1442,00:01:00.041,46.5,40.6,57.4,70.5
Hugo_Sanchez,1443,00:01:00.083,45.7,40.6,57.8,70.7
Hugo_Sanchez,1444,00:01:00.125,44.8,41.2,58.1,70.9
Hugo_Sanchez,1445,00:01:00.166,43.5,41.5,58.2,71.1
Hugo_Sanchez,1446,00:01:00.208,41.8,41.6,58.2,71.2
Hugo_Sanchez,1447,00:01:00.250,39.9,41.6,58.0,71.3
Hugo_Sanchez,1448,00:01:00.291,37.9,41.5,57.7,71.3
Hugo_Sanchez,1449,00:01:00.333,36.2,42.0,57.3,71.2
Hugo_Sanchez,1450,00:01:00.375,34.6,42.2,56.8,71.0
Hugo_Sanchez,1451,00:01:00.416,33.0,42.6,56.4,70.8
Hugo_Sanchez,1452,00:01:00.458,31.4,42.8,56.0,70.6
Hugo_Sanchez,1453,00:01:00.500,30.0,43.4,55.8,70.4
Hugo_Sanchez,1454,00:01:00.541,29.2,43.4,55.7,70.3
Hugo_Sanchez,1455,00:01:00.583,28.9,43.3,55.7,70.2
Hugo_Sanchez,1456,00:01:00.625,28.6,43.2,55.9,70.2
Hugo_Sanchez,1457,00:01:00.666,28.1,43.3,56.2,70.2
Hugo_Sanchez,1458,00:01:00.708,27.7,43.2,56.6,70.3
Hugo_Sanchez,1459,00:01:00.750,28.1,43.1,57.0,70.5
Hugo_Sanchez,1460,00:01:00.791,29.4,42.5,57.5,70.7
Hugo_Sanchez,1461,00:01:00.833,31.2,42.5,57.9,71.0
Hugo_Sanchez,1462,00:01:00.875,33.4,42.3,58.3,71.3
Hugo_Sanchez,1463,00:01:00.916,35.2,42.4,58.6,71.6
Hugo_Sanchez,1464,00:01:00.958,35.2,42.7,58.8,72.1
Hugo_Sanchez,1465,00:01:01.000,33.3,43.0,58.9,72.6
Hugo_Sanchez,1466,00:01:01.041,32.0,42.4,59.0,73.1
Hugo_Sanchez,1467,00:01:01.083,31.1,42.6,59.0,73.6
Hugo_Sanchez,1468,00:01:01.125,30.8,42.7,59.0,74.1
Hugo_Sanchez,1469,00:01:01.166,30.2,43.2,58.9,74.5
Hugo_Sanchez,1470,00:01:01.208,29.7,43.4,58.9,74.8
Hugo_Sanchez,1471,00:01:01.250,31.1,43.6,58.9,74.9
Hugo_Sanchez,1472,00:01:01.291,33.1,43.7,58.8,74.8
Hugo_Sanchez,1473,00:01:01.333,34.5,43.7,58.7,74.6
Hugo_Sanchez,1474,00:01:01.375,34.9,42.2,58.6,74.3
Hugo_Sanchez,1475,00:01:01.416,34.0,41.8,58.4,73.9
Hugo_Sanchez,1476,00:01:01.458,31.9,41.5,58.1,73.5
Hugo_Sanchez,1477,00:01:01.500,30.8,41.8,57.8,73.1
Hugo_Sanchez,1478,00:01:01.541,33.8,41.7,57.4,72.7
Hugo_Sanchez,1479,00:01:01.583,38.7,42.0,56.9,72.4
Hugo_Sanchez,1480,00:01:01.625,43.4,42.0,56.4,72.2
Hugo_Sanchez,1481,00:01:01.666,46.9,42.2,56.0,72.0
Hugo_Sanchez,1482,00:01:01.708,49.5,42.0,55.6,72.0
Hugo_Sanchez,1483,00:01:01.750,51.6,42.0,55.3,71.9
Hugo_Sanchez,1484,00:01:01.791,53.7,41.4,55.1,71.9
Hugo_Sanchez,1485,00:01:01.833,56.2,41.7,55.2,71.7
Hugo_Sanchez,1486,00:01:01.875,58.8,41.6,55.6,71.5
Hugo_Sanchez,1487,00:01:01.916,60.8,41.8,56.2,71.0
Hugo_Sanchez,1488,00:01:01.958,56.7,41.9,57.2,70.3
Hugo_Sanchez,1489,00:01:02.000,46.3,42.1,58.5,69.3
Hugo_Sanchez,1490,00:01:02.041,44.8,50.5,60.0,68.1
Hugo_Sanchez,1491,00:01:02.083,45.9,50.9,61.5,66.7
Hugo_Sanchez,1492,00:01:02.125,46.6,51.2,62.9,65.3
Hugo_Sanchez,1493,00:01:02.166,45.5,51.3,64.1,63.9
Hugo_Sanchez,1494,00:01:02.208,43.2,51.4,65.1,62.6
Hugo_Sanchez,1495,00:01:02.250,40.8,51.7,65.7,61.5
Hugo_Sanchez,1496,00:01:02.291,39.0,51.7,66.1,60.6
Hugo_Sanchez,1497,00:01:02.333,37.6,52.1,66.3,59.9
Hugo_Sanchez,1498,00:01:02.375,35.7,51.9,66.3,59.4
Hugo_Sanchez,1499,00:01:02.416,33.0,52.3,66.3,59.0
Hugo_Sanchez,1500,00:01:02.458,29.7,52.8,66.3,58.6
Hugo_Sanchez,1501,00:01:02.500,26.5,53.1,66.3,58.4
Hugo_Sanchez,1502,00:01:02.541,23.5,52.9,66.4,58.1
Hugo_Sanchez,1503,00:01:02.583,20.9,53.1,66.4,57.9
Hugo_Sanchez,1504,00:01:02.625,19.1,52.7,66.5,57.6
Hugo_Sanchez,1505,00:01:02.666,17.8,52.6,66.6,57.4
Hugo_Sanchez,1506,00:01:02.708,17.1,52.2,66.7,57.2
Hugo_Sanchez,1507,00:01:02.750,17.3,51.9,66.8,57.2
Hugo_Sanchez,1508,00:01:02.791,18.1,51.6,66.7,57.3
Hugo_Sanchez,1509,00:01:02.833,19.1,51.9,66.4,57.7
Hugo_Sanchez,1510,00:01:02.875,20.4,51.4,65.9,58.5
Hugo_Sanchez,1511,00:01:02.916,21.3,51.5,65.1,59.5
Hugo_Sanchez,1512,00:01:02.958,22.9,51.2,63.9,60.9
Hugo_Sanchez,1513,00:01:03.000,26.0,50.2,62.4,62.6
Hugo_Sanchez,1514,00:01:03.041,28.2,44.0,60.5,64.6
Hugo_Sanchez,1515,00:01:03.083,31.5,44.1,58.5,66.6
Hugo_Sanchez,1516,00:01:03.125,34.1,44.1,56.5,68.5
Hugo_Sanchez,1517,00:01:03.166,34.8,44.3,54.6,70.3
Hugo_Sanchez,1518,00:01:03.208,34.5,44.2,52.9,71.8
Hugo_Sanchez,1519,00:01:03.250,33.9,44.4,51.5,73.0
Hugo_Sanchez,1520,00:01:03.291,33.6,44.3,50.5,73.8
Hugo_Sanchez,1521,00:01:03.333,33.5,44.7,49.6,74.5
Hugo_Sanchez,1522,00:01:03.375,33.5,44.6,49.1,74.9
Hugo_Sanchez,1523,00:01:03.416,33.8,44.7,48.7,75.2
Hugo_Sanchez,1524,00:01:03.458,34.1,44.8,48.4,75.4
Hugo_Sanchez,1525,00:01:03.500,34.5,45.1,48.2,75.6
Hugo_Sanchez,1526,00:01:03.541,34.9,45.2,48.1,75.7
Hugo_Sanchez,1527,00:01:03.583,35.3,45.2,48.0,75.9
Hugo_Sanchez,1528,00:01:03.625,35.5,45.1,47.9,76.1
Hugo_Sanchez,1529,00:01:03.666,35.4,45.5,47.8,76.3
Hugo_Sanchez,1530,00:01:03.708,34.9,45.3,47.8,76.5
Hugo_Sanchez,1531,00:01:03.750,34.2,45.4,47.7,76.7
Hugo_Sanchez,1532,00:01:03.791,33.7,45.4,47.7,76.9
Hugo_Sanchez,1533,00:01:03.833,33.6,45.9,47.6,77.0
Hugo_Sanchez,1534,00:01:03.875,34.5,45.7,47.6,77.2
Hugo_Sanchez,1535,00:01:03.916,36.1,45.8,47.6,77.3
Hugo_Sanchez,1536,00:01:03.958,35.3,45.8,47.7,77.4
Hugo_Sanchez,1537,00:01:04.000,31.9,46.2,47.7,77.5
Hugo_Sanchez,1538,00:01:04.041,31.3,46.1,47.7,77.6
Hugo_Sanchez,1539,00:01:04.083,31.3,46.2,47.7,77.7
Hugo_Sanchez,1540,00:01:04.125,30.9,46.2,47.7,77.8
Hugo_Sanchez,1541,00:01:04.166,29.4,46.4,47.7,77.8
Hugo_Sanchez,1542,00:01:04.208,27.3,46.2,47.7,77.9
Hugo_Sanchez,1543,00:01:04.250,25.7,46.1,47.8,78.0
Hugo_Sanchez,1544,00:01:04.291,24.8,45.9,47.8,78.0
Hugo_Sanchez,1545,00:01:04.333,24.1,46.3,47.9,78.0
Hugo_Sanchez,1546,00:01:04.375,23.7,46.1,48.0,78.0
Hugo_Sanchez,1547,00:01:04.416,23.8,46.2,48.2,78.0
Hugo_Sanchez,1548,00:01:04.458,24.2,46.2,48.4,78.0
Hugo_Sanchez,1549,00:01:04.500,25.1,46.5,48.6,77.9
Hugo_Sanchez,1550,00:01:04.541,26.3,46.5,48.9,77.9
Hugo_Sanchez,1551,00:01:04.583,27.8,46.5,49.1,77.9
Hugo_Sanchez,1552,00:01:04.625,29.1,46.6,49.2,77.9
Hugo_Sanchez,1553,00:01:04.666,30.0,46.9,49.3,77.8
Hugo_Sanchez,1554,00:01:04.708,30.3,46.9,49.4,77.8
Hugo_Sanchez,1555,00:01:04.750,30.2,47.0,49.4,77.8
Hugo_Sanchez,1556,00:01:04.791,30.2,47.0,49.3,77.8
Hugo_Sanchez,1557,00:01:04.833,30.6,47.1,49.3,77.7
Hugo_Sanchez,1558,00:01:04.875,32.0,46.9,49.2,77.7
Hugo_Sanchez,1559,00:01:04.916,34.5,47.0,49.1,77.7
Hugo_Sanchez,1560,00:01:04.958,36.8,47.0,49.0,77.7
Hugo_Sanchez,1561,00:01:05.000,37.7,47.9,49.0,77.6
Hugo_Sanchez,1562,00:01:05.041,39.0,48.0,49.0,77.6
Hugo_Sanchez,1563,00:01:05.083,40.9,48.0,48.9,77.6
Hugo_Sanchez,1564,00:01:05.125,40.6,48.1,48.9,77.6
Hugo_Sanchez,1565,00:01:05.166,39.1,48.1,48.9,77.6
Hugo_Sanchez,1566,00:01:05.208,37.2,48.1,48.9,77.6
Hugo_Sanchez,1567,00:01:05.250,35.9,48.1,48.8,77.6
Hugo_Sanchez,1568,00:01:05.291,35.1,48.1,48.8,77.6
Hugo_Sanchez,1569,00:01:05.333,34.6,48.2,48.7,77.5
Hugo_Sanchez,1570,00:01:05.375,34.1,48.1,48.6,77.5
Hugo_Sanchez,1571,00:01:05.416,33.6,48.1,48.5,77.5
Hugo_Sanchez,1572,00:01:05.458,33.1,48.0,48.5,77.5
Hugo_Sanchez,1573,00:01:05.500,32.7,48.1,48.4,77.5
Hugo_Sanchez,1574,00:01:05.541,32.5,48.1,48.4,77.5
Hugo_Sanchez,1575,00:01:05.583,32.3,48.0,48.4,77.5
Hugo_Sanchez,1576,00:01:05.625,32.2,48.0,48.4,77.5
Hugo_Sanchez,1577,00:01:05.666,32.0,48.2,48.5,77.5
Hugo_Sanchez,1578,00:01:05.708,31.7,48.2,48.6,77.5
Hugo_Sanchez,1579,00:01:05.750,31.3,48.2,48.7,77.4
Hugo_Sanchez,1580,00:01:05.791,31.1,48.2,48.8,77.4
Hugo_Sanchez,1581,00:01:05.833,31.4,48.2,49.0,77.4
Hugo_Sanchez,1582,00:01:05.875,32.7,48.2,49.1,77.4
Hugo_Sanchez,1583,00:01:05.916,34.8,48.2,49.3,77.4
Hugo_Sanchez,1584,00:01:05.958,31.8,48.2,49.4,77.3
Hugo_Sanchez,1585,00:01:06.000,24.4,46.7,49.6,77.3
Hugo_Sanchez,1586,00:01:06.041,24.6,46.6,49.7,77.3
Hugo_Sanchez,1587,00:01:06.083,27.2,46.6,49.8,77.2
Hugo_Sanchez,1588,00:01:06.125,29.9,46.6,49.8,77.2
Hugo_Sanchez,1589,00:01:06.166,31.0,46.8,49.9,77.2
Hugo_Sanchez,1590,00:01:06.208,30.9,46.7,49.9,77.1
Hugo_Sanchez,1591,00:01:06.250,31.0,46.8,49.9,77.1
Hugo_Sanchez,1592,00:01:06.291,31.3,46.7,49.9,77.0
Hugo_Sanchez,1593,00:01:06.333,31.8,46.9,49.9,77.0
Hugo_Sanchez,1594,00:01:06.375,32.3,46.7,50.0,77.0
Hugo_Sanchez,1595,00:01:06.416,32.8,46.7,50.0,76.9
Hugo_Sanchez,1596,00:01:06.458,33.3,46.6,50.1,76.9
Hugo_Sanchez,1597,00:01:06.500,33.8,46.8,50.1,76.9
Hugo_Sanchez,1598,00:01:06.541,34.4,46.7,50.2,77.0
Hugo_Sanchez,1599,00:01:06.583,34.8,46.7,50.4,77.0
Hugo_Sanchez,1600,00:01:06.625,34.9,46.6,50.5,77.1
Hugo_Sanchez,1601,00:01:06.666,34.6,46.9,50.5,77.2
Hugo_Sanchez,1602,00:01:06.708,33.8,46.8,50.6,77.2
Hugo_Sanchez,1603,00:01:06.750,32.5,46.8,50.7,77.3
Hugo_Sanchez,1604,00:01:06.791,31.5,46.8,50.8,77.4
Hugo_Sanchez,1605,00:01:06.833,31.2,47.0,50.8,77.5
Hugo_Sanchez,1606,00:01:06.875,32.0,46.8,50.9,77.5
Hugo_Sanchez,1607,00:01:06.916,33.5,46.8,50.9,77.6
Hugo_Sanchez,1608,00:01:06.958,34.7,46.7,50.9,77.6
Hugo_Sanchez,1609,00:01:07.000,36.7,46.8,50.8,77.6
Hugo_Sanchez,1610,00:01:07.041,38.1,46.7,50.8,77.5
Hugo_Sanchez,1611,00:01:07.083,39.5,46.8,50.8,77.3
Hugo_Sanchez,1612,00:01:07.125,38.9,46.8,50.7,77.0
Hugo_Sanchez,1613,00:01:07.166,37.1,47.0,50.7,76.6
Hugo_Sanchez,1614,00:01:07.208,35.3,46.8,50.7,76.2
Hugo_Sanchez,1615,00:01:07.250,34.2,46.7,50.7,75.6
Hugo_Sanchez,1616,00:01:07.291,34.3,44.2,50.7,75.1
Hugo_Sanchez,1617,00:01:07.333,35.2,44.3,50.8,74.7
Hugo_Sanchez,1618,00:01:07.375,36.0,44.0,50.8,74.3
Hugo_Sanchez,1619,00:01:07.416,36.2,44.0,50.9,74.1
Hugo_Sanchez,1620,00:01:07.458,35.6,44.0,51.0,74.0
Hugo_Sanchez,1621,00:01:07.500,35.0,44.6,51.1,74.0
Hugo_Sanchez,1622,00:01:07.541,34.7,44.4,51.1,74.1
Hugo_Sanchez,1623,00:01:07.583,34.4,44.6,51.2,74.2
Hugo_Sanchez,1624,00:01:07.625,33.8,44.4,51.3,74.3
Hugo_Sanchez,1625,00:01:07.666,32.8,45.1,51.3,74.4
Hugo_Sanchez,1626,00:01:07.708,31.7,45.0,51.3,74.5
Hugo_Sanchez,1627,00:01:07.750,30.8,45.2,51.3,74.5
Hugo_Sanchez,1628,00:01:07.791,30.5,45.0,51.3,74.5
Hugo_Sanchez,1629,00:01:07.833,31.1,45.4,51.3,74.5
Hugo_Sanchez,1630,00:01:07.875,33.3,45.2,51.3,74.5
Hugo_Sanchez,1631,00:01:07.916,37.3,45.3,51.3,74.4
Hugo_Sanchez,1632,00:01:07.958,38.4,45.3,51.4,74.4
Hugo_Sanchez,1633,00:01:08.000,35.0,45.7,51.4,74.4
Hugo_Sanchez,1634,00:01:08.041,36.0,45.6,51.4,74.4
Hugo_Sanchez,1635,00:01:08.083,36.5,45.7,51.4,74.4
Hugo_Sanchez,1636,00:01:08.125,34.6,45.7,51.4,74.4
Hugo_Sanchez,1637,00:01:08.166,31.3,45.9,51.4,74.4
Hugo_Sanchez,1638,00:01:08.208,28.5,45.6,51.3,74.5
Hugo_Sanchez,1639,00:01:08.250,27.1,45.7,51.2,74.5
Hugo_Sanchez,1640,00:01:08.291,27.1,45.7,51.2,74.6
Hugo_Sanchez,1641,00:01:08.333,28.1,45.9,51.2,74.7
Hugo_Sanchez,1642,00:01:08.375,29.6,45.9,51.1,74.7
Hugo_Sanchez,1643,00:01:08.416,31.6,45.8,51.1,74.8
Hugo_Sanchez,1644,00:01:08.458,33.7,45.5,51.1,74.8
Hugo_Sanchez,1645,00:01:08.500,35.6,45.6,51.0,74.8
Hugo_Sanchez,1646,00:01:08.541,37.1,45.4,50.9,74.8
Hugo_Sanchez,1647,00:01:08.583,38.1,45.5,50.8,74.8
Hugo_Sanchez,1648,00:01:08.625,38.4,45.5,50.7,74.8
Hugo_Sanchez,1649,00:01:08.666,38.0,45.8,50.6,74.7
Hugo_Sanchez,1650,00:01:08.708,36.9,45.5,50.5,74.6
Hugo_Sanchez,1651,00:01:08.750,35.5,45.8,50.4,74.5
Hugo_Sanchez,1652,00:01:08.791,34.4,45.8,50.4,74.5
Hugo_Sanchez,1653,00:01:08.833,34.3,46.1,50.5,74.4
Hugo_Sanchez,1654,00:01:08.875,35.9,46.0,50.6,74.3
Hugo_Sanchez,1655,00:01:08.916,39.2,46.0,50.8,74.3
Hugo_Sanchez,1656,00:01:08.958,41.7,45.8,50.9,74.1
Hugo_Sanchez,1657,00:01:09.000,42.6,44.9,51.0,74.0
Hugo_Sanchez,1658,00:01:09.041,44.6,44.4,50.9,73.8
Hugo_Sanchez,1659,00:01:09.083,46.1,44.6,50.8,73.5
Hugo_Sanchez,1660,00:01:09.125,45.6,44.6,50.5,73.3
Hugo_Sanchez,1661,00:01:09.166,43.7,45.0,50.2,73.0
Hugo_Sanchez,1662,00:01:09.208,41.0,44.7,49.9,72.8
Hugo_Sanchez,1663,00:01:09.250,38.7,44.6,49.6,72.6
Hugo_Sanchez,1664,00:01:09.291,36.9,44.1,49.4,72.5
Hugo_Sanchez,1665,00:01:09.333,35.6,44.3,49.5,72.4
Hugo_Sanchez,1666,00:01:09.375,34.3,43.8,49.6,72.3
Hugo_Sanchez,1667,00:01:09.416,33.3,43.6,50.0,72.2
Hugo_Sanchez,1668,00:01:09.458,32.6,43.2,50.4,72.0
Hugo_Sanchez,1669,00:01:09.500,32.1,43.6,50.9,71.9
Hugo_Sanchez,1670,00:01:09.541,31.8,43.4,51.4,71.8
Hugo_Sanchez,1671,00:01:09.583,31.4,43.6,51.8,71.7
Hugo_Sanchez,1672,00:01:09.625,30.8,43.6,52.1,71.6
Hugo_Sanchez,1673,00:01:09.666,30.3,44.0,52.4,71.6
Hugo_Sanchez,1674,00:01:09.708,29.8,43.9,52.5,71.7
Hugo_Sanchez,1675,00:01:09.750,29.3,43.9,52.6,71.8
Hugo_Sanchez,1676,00:01:09.791,29.5,43.9,52.6,72.1
Hugo_Sanchez,1677,00:01:09.833,30.5,44.2,52.6,72.3
Hugo_Sanchez,1678,00:01:09.875,33.1,44.0,52.5,72.7
Hugo_Sanchez,1679,00:01:09.916,38.0,43.9,52.2,73.0
Hugo_Sanchez,1680,00:01:09.958,43.1,44.0,51.9,73.3
Hugo_Sanchez,1681,00:01:10.000,46.5,43.9,51.5,73.5
Hugo_Sanchez,1682,00:01:10.041,48.3,43.4,51.0,73.7
Hugo_Sanchez,1683,00:01:10.083,47.5,43.4,50.4,73.8
Hugo_Sanchez,1684,00:01:10.125,44.7,43.2,49.8,73.8
Hugo_Sanchez,1685,00:01:10.166,41.1,43.7,49.2,73.8
Hugo_Sanchez,1686,00:01:10.208,38.0,43.4,48.7,73.7
Hugo_Sanchez,1687,00:01:10.250,36.5,43.9,48.2,73.6
Hugo_Sanchez,1688,00:01:10.291,36.0,43.7,47.9,73.5
Hugo_Sanchez,1689,00:01:10.333,36.1,44.4,47.6,73.3
Hugo_Sanchez,1690,00:01:10.375,36.5,44.4,47.4,73.2
Hugo_Sanchez,1691,00:01:10.416,36.6,44.4,47.1,72.9
Hugo_Sanchez,1692,00:01:10.458,36.8,44.2,46.8,72.3
Hugo_Sanchez,1693,00:01:10.500,36.9,44.5,46.2,71.3
Hugo_Sanchez,1694,00:01:10.541,36.9,44.2,45.3,69.6
Hugo_Sanchez,1695,00:01:10.583,36.6,44.2,43.9,67.1
Hugo_Sanchez,1696,00:01:10.625,36.1,43.9,42.0,63.5
Hugo_Sanchez,1697,00:01:10.666,35.4,44.4,39.4,58.9
Hugo_Sanchez,1698,00:01:10.708,34.5,44.1,36.4,53.6
Hugo_Sanchez,1699,00:01:10.750,33.8,44.3,33.0,47.8
Hugo_Sanchez,1700,00:01:10.791,33.8,44.3,29.4,41.9
Hugo_Sanchez,1701,00:01:10.833,34.6,33.6,25.8,36.4
Hugo_Sanchez,1702,00:01:10.875,36.2,34.7,22.5,31.7
Hugo_Sanchez,1703,00:01:10.916,37.4,35.3,19.7,27.8
Hugo_Sanchez,1704,00:01:10.958,33.6,35.7,17.5,25.0
Hugo_Sanchez,1705,00:01:11.000,26.1,35.6,16.0,23.0
Hugo_Sanchez,1706,00:01:11.041,22.9,36.1,15.1,21.8
Hugo_Sanchez,1707,00:01:11.083,21.9,36.6,14.8,21.0
Hugo_Sanchez,1708,00:01:11.125,23.2,36.8,15.0,20.6
Hugo_Sanchez,1709,00:01:11.166,24.8,37.2,15.6,20.4
Hugo_Sanchez,1710,00:01:11.208,25.7,37.5,16.5,20.4
Hugo_Sanchez,1711,00:01:11.250,24.8,37.9,17.6,20.4
Hugo_Sanchez,1712,00:01:11.291,21.7,37.8,18.8,20.5
Hugo_Sanchez,1713,00:01:11.333,17.1,37.0,20.0,20.7
Hugo_Sanchez,1714,00:01:11.375,11.6,36.6,21.1,20.9
Hugo_Sanchez,1715,00:01:11.416,9.3,36.4,22.1,21.3
Hugo_Sanchez,1716,00:01:11.458,11.9,35.4,22.9,21.8
Hugo_Sanchez,1717,00:01:11.500,16.6,34.6,23.5,22.2
Hugo_Sanchez,1718,00:01:11.541,22.7,33.9,23.8,22.6
Hugo_Sanchez,1719,00:01:11.583,29.6,33.9,23.9,22.9
Hugo_Sanchez,1720,00:01:11.625,36.8,33.8,23.9,23.2
Hugo_Sanchez,1721,00:01:11.666,42.4,34.6,23.9,23.4
Hugo_Sanchez,1722,00:01:11.708,46.1,35.1,23.7,23.6
Hugo_Sanchez,1723,00:01:11.750,48.0,35.6,23.7,23.7
Hugo_Sanchez,1724,00:01:11.791,48.5,35.7,23.8,23.8
Hugo_Sanchez,1725,00:01:11.833,48.5,35.7,24.1,23.9
Hugo_Sanchez,1726,00:01:11.875,48.6,35.9,24.8,24.0
Hugo_Sanchez,1727,00:01:11.916,48.3,36.5,25.8,24.1
Hugo_Sanchez,1728,00:01:11.958,45.1,36.9,27.3,24.3
Hugo_Sanchez,1729,00:01:12.000,41.7,35.4,29.1,24.4
Hugo_Sanchez,1730,00:01:12.041,44.7,36.8,31.1,24.5
Hugo_Sanchez,1731,00:01:12.083,46.7,37.4,33.3,24.6
Hugo_Sanchez,1732,00:01:12.125,44.0,37.7,35.5,24.7
Hugo_Sanchez,1733,00:01:12.166,38.8,37.9,37.5,24.8
Hugo_Sanchez,1734,00:01:12.208,34.2,37.5,39.1,24.9
Hugo_Sanchez,1735,00:01:12.250,31.9,37.9,40.4,25.0
Hugo_Sanchez,1736,00:01:12.291,31.9,38.1,41.0,25.0
Hugo_Sanchez,1737,00:01:12.333,33.4,38.3,41.1,25.0
Hugo_Sanchez,1738,00:01:12.375,35.7,38.0,40.4,25.1
Hugo_Sanchez,1739,00:01:12.416,38.7,38.3,39.0,25.1
Hugo_Sanchez,1740,00:01:12.458,42.4,38.1,36.8,25.1
Hugo_Sanchez,1741,00:01:12.500,46.6,37.2,34.0,25.1
Hugo_Sanchez,1742,00:01:12.541,50.8,32.2,30.7,25.3
Hugo_Sanchez,1743,00:01:12.583,54.4,30.7,27.1,25.4
Hugo_Sanchez,1744,00:01:12.625,56.6,30.6,23.7,25.7
Hugo_Sanchez,1745,00:01:12.666,56.7,29.4,20.8,25.9
Hugo_Sanchez,1746,00:01:12.708,55.7,29.0,18.6,26.3
Hugo_Sanchez,1747,00:01:12.750,55.2,29.2,17.2,26.7
Hugo_Sanchez,1748,00:01:12.791,56.0,29.2,16.8,27.1
Hugo_Sanchez,1749,00:01:12.833,57.5,29.1,17.0,27.6
Hugo_Sanchez,1750,00:01:12.875,58.6,29.4,17.8,28.1
Hugo_Sanchez,1751,00:01:12.916,58.0,30.1,18.9,28.6
Hugo_Sanchez,1752,00:01:12.958,49.6,31.6,20.0,29.0
Hugo_Sanchez,1753,00:01:13.000,35.7,32.3,21.1,29.4
Hugo_Sanchez,1754,00:01:13.041,32.4,32.9,21.9,29.6
Hugo_Sanchez,1755,00:01:13.083,31.9,32.9,22.5,29.7
Hugo_Sanchez,1756,00:01:13.125,31.6,32.8,22.8,29.6
Hugo_Sanchez,1757,00:01:13.166,30.6,32.6,22.9,29.4
Hugo_Sanchez,1758,00:01:13.208,29.6,32.6,22.6,29.1
Hugo_Sanchez,1759,00:01:13.250,28.5,32.6,21.9,28.6
Hugo_Sanchez,1760,00:01:13.291,27.7,32.6,20.7,28.1
Hugo_Sanchez,1761,00:01:13.333,27.1,31.9,19.0,27.4
Hugo_Sanchez,1762,00:01:13.375,26.5,29.9,16.9,26.8
Hugo_Sanchez,1763,00:01:13.416,26.2,29.4,14.4,26.2
Hugo_Sanchez,1764,00:01:13.458,26.8,28.8,11.8,25.7
Hugo_Sanchez,1765,00:01:13.500,28.8,27.8,9.4,25.4
Hugo_Sanchez,1766,00:01:13.541,31.7,27.0,7.3,25.2
Hugo_Sanchez,1767,00:01:13.583,34.5,27.1,5.8,25.1
Hugo_Sanchez,1768,00:01:13.625,36.7,27.3,5.0,25.2
Hugo_Sanchez,1769,00:01:13.666,39.1,27.6,5.0,25.3
Hugo_Sanchez,1770,00:01:13.708,39.5,30.2,5.0,25.5
Hugo_Sanchez,1771,00:01:13.750,37.7,31.5,5.0,25.7
Hugo_Sanchez,1772,00:01:13.791,35.7,32.2,5.0,25.9
Hugo_Sanchez,1773,00:01:13.833,35.4,32.8,5.0,26.0
Hugo_Sanchez,1774,00:01:13.875,35.8,33.3,5.0,26.1
Hugo_Sanchez,1775,00:01:13.916,34.8,32.8,5.0,26.2
Hugo_Sanchez,1776,00:01:13.958,34.0,32.5,5.0,26.3
Hugo_Sanchez,1777,00:01:14.000,37.3,29.0,5.0,26.3
Hugo_Sanchez,1778,00:01:14.041,38.0,25.8,5.0,26.4
Hugo_Sanchez,1779,00:01:14.083,39.0,25.1,5.0,26.4
Hugo_Sanchez,1780,00:01:14.125,41.5,24.4,5.0,26.5
Hugo_Sanchez,1781,00:01:14.166,44.7,24.3,5.0,26.6
Hugo_Sanchez,1782,00:01:14.208,47.9,24.4,5.0,26.8
Hugo_Sanchez,1783,00:01:14.250,51.5,24.4,5.0,27.1
Hugo_Sanchez,1784,00:01:14.291,55.0,24.7,5.0,27.4
Hugo_Sanchez,1785,00:01:14.333,58.1,25.5,5.0,27.8
Hugo_Sanchez,1786,00:01:14.375,60.8,27.2,5.0,28.1
Hugo_Sanchez,1787,00:01:14.416,63.5,27.9,5.8,28.3
Hugo_Sanchez,1788,00:01:14.458,65.1,29.1,8.2,28.5
Hugo_Sanchez,1789,00:01:14.500,64.1,30.4,10.7,28.5
Hugo_Sanchez,1790,00:01:14.541,61.0,33.4,13.1,28.4
Hugo_Sanchez,1791,00:01:14.583,58.8,34.1,15.5,28.1
Hugo_Sanchez,1792,00:01:14.625,59.5,34.7,17.8,27.8
Hugo_Sanchez,1793,00:01:14.666,63.7,36.0,19.8,27.4
Hugo_Sanchez,1794,00:01:14.708,68.6,36.6,21.7,27.0
Hugo_Sanchez,1795,00:01:14.750,72.8,37.3,23.4,26.7
Hugo_Sanchez,1796,00:01:14.791,75.7,37.7,25.0,26.5
Hugo_Sanchez,1797,00:01:14.833,77.9,37.9,26.3,26.4
Hugo_Sanchez,1798,00:01:14.875,79.8,38.0,27.5,26.5
Hugo_Sanchez,1799,00:01:14.916,81.0,38.5,28.6,26.8
Hugo_Sanchez,1800,00:01:14.958,81.3,37.9,29.5,27.6
Hugo_Sanchez,1801,00:01:15.000,48.9,37.3,30.5,28.9
Hugo_Sanchez,1802,00:01:15.041,47.4,37.7,31.7,30.9
Hugo_Sanchez,1803,00:01:15.083,47.2,38.0,33.0,33.8
Hugo_Sanchez,1804,00:01:15.125,47.6,37.8,34.7,37.5
Hugo_Sanchez,1805,00:01:15.166,47.9,36.9,36.8,42.2
Hugo_Sanchez,1806,00:01:15.208,48.2,34.4,39.1,47.4
Hugo_Sanchez,1807,00:01:15.250,48.8,33.7,41.7,52.9
Hugo_Sanchez,1808,00:01:15.291,49.5,42.7,44.3,58.3
Hugo_Sanchez,1809,00:01:15.333,49.8,43.0,46.7,63.2
Hugo_Sanchez,1810,00:01:15.375,49.3,43.2,48.8,67.3
Hugo_Sanchez,1811,00:01:15.416,47.4,43.8,50.6,70.5
Hugo_Sanchez,1812,00:01:15.458,44.5,44.1,51.9,72.7
Hugo_Sanchez,1813,00:01:15.500,41.6,45.0,52.8,74.2
Hugo_Sanchez,1814,00:01:15.541,38.9,44.9,53.3,74.9
Hugo_Sanchez,1815,00:01:15.583,36.6,44.7,53.7,75.3
Hugo_Sanchez,1816,00:01:15.625,35.1,44.3,53.9,75.3
Hugo_Sanchez,1817,00:01:15.666,34.4,44.2,54.0,75.3
Hugo_Sanchez,1818,00:01:15.708,34.3,43.5,54.0,75.2
Hugo_Sanchez,1819,00:01:15.750,34.8,43.1,54.1,75.0
Hugo_Sanchez,1820,00:01:15.791,35.8,42.6,54.1,74.8
Hugo_Sanchez,1821,00:01:15.833,37.4,42.5,54.1,74.7
Hugo_Sanchez,1822,00:01:15.875,39.8,42.1,54.1,74.5
Hugo_Sanchez,1823,00:01:15.916,42.8,42.1,54.1,74.4
Hugo_Sanchez,1824,00:01:15.958,44.8,41.9,54.0,74.3
Hugo_Sanchez,1825,00:01:16.000,47.4,42.1,54.0,74.2
Hugo_Sanchez,1826,00:01:16.041,50.4,42.0,54.0,74.1
Hugo_Sanchez,1827,00:01:16.083,51.8,42.2,53.9,74.1
Hugo_Sanchez,1828,00:01:16.125,49.3,42.3,54.0,74.0
Hugo_Sanchez,1829,00:01:16.166,44.5,42.9,54.0,74.0
Hugo_Sanchez,1830,00:01:16.208,39.8,43.1,54.0,74.0
Hugo_Sanchez,1831,00:01:16.250,36.5,43.6,54.1,74.0
Hugo_Sanchez,1832,00:01:16.291,35.0,44.5,54.2,74.0
Hugo_Sanchez,1833,00:01:16.333,34.9,44.9,54.3,74.1
Hugo_Sanchez,1834,00:01:16.375,36.0,44.8,54.4,74.2
Hugo_Sanchez,1835,00:01:16.416,37.3,45.0,54.5,74.4
Hugo_Sanchez,1836,00:01:16.458,38.5,45.0,54.6,74.6
Hugo_Sanchez,1837,00:01:16.500,39.4,45.2,54.8,74.8
Hugo_Sanchez,1838,00:01:16.541,39.7,45.1,54.9,75.0
Hugo_Sanchez,1839,00:01:16.583,39.5,45.2,55.0,75.1
Hugo_Sanchez,1840,00:01:16.625,39.4,45.0,55.1,75.2
Hugo_Sanchez,1841,00:01:16.666,38.6,45.1,55.2,75.2
Hugo_Sanchez,1842,00:01:16.708,37.2,44.7,55.2,75.1
Hugo_Sanchez,1843,00:01:16.750,35.5,44.8,55.2,74.9
Hugo_Sanchez,1844,00:01:16.791,34.3,44.6,55.2,74.7
Hugo_Sanchez,1845,00:01:16.833,33.9,44.7,55.1,74.5
Hugo_Sanchez,1846,00:01:16.875,35.1,44.6,55.1,74.2
Hugo_Sanchez,1847,00:01:16.916,37.9,44.7,55.0,74.0
Hugo_Sanchez,1848,00:01:16.958,42.3,44.7,55.0,73.8
Hugo_Sanchez,1849,00:01:17.000,48.6,44.9,54.9,73.6
Hugo_Sanchez,1850,00:01:17.041,53.1,44.6,54.8,73.5
Hugo_Sanchez,1851,00:01:17.083,56.1,44.6,54.7,73.4
Hugo_Sanchez,1852,00:01:17.125,54.7,44.6,54.6,73.4
Hugo_Sanchez,1853,00:01:17.166,51.0,44.8,54.5,73.3
Hugo_Sanchez,1854,00:01:17.208,47.2,44.7,54.4,73.3
Hugo_Sanchez,1855,00:01:17.250,44.9,44.7,54.2,73.3
Hugo_Sanchez,1856,00:01:17.291,43.8,44.7,54.2,73.3
Hugo_Sanchez,1857,00:01:17.333,43.3,44.8,54.1,73.3
Hugo_Sanchez,1858,00:01:17.375,43.0,44.7,54.1,73.4
Hugo_Sanchez,1859,00:01:17.416,42.7,44.7,54.1,73.6
Hugo_Sanchez,1860,00:01:17.458,42.6,44.6,54.2,73.9
Hugo_Sanchez,1861,00:01:17.500,43.0,44.7,54.3,74.2
Hugo_Sanchez,1862,00:01:17.541,43.9,44.5,54.4,74.6
Hugo_Sanchez,1863,00:01:17.583,45.4,44.4,54.5,75.1
Hugo_Sanchez,1864,00:01:17.625,46.9,44.4,54.5,75.5
Hugo_Sanchez,1865,00:01:17.666,48.1,44.8,54.6,76.0
Hugo_Sanchez,1866,00:01:17.708,48.9,45.0,54.7,76.4
Hugo_Sanchez,1867,00:01:17.750,49.4,45.3,54.7,76.8
Hugo_Sanchez,1868,00:01:17.791,49.8,45.1,54.7,77.1
Hugo_Sanchez,1869,00:01:17.833,50.7,45.3,54.6,77.3
Hugo_Sanchez,1870,00:01:17.875,53.3,45.2,54.5,77.5
Hugo_Sanchez,1871,00:01:17.916,58.6,45.2,54.4,77.7
Hugo_Sanchez,1872,00:01:17.958,60.3,45.2,54.1,77.9
Hugo_Sanchez,1873,00:01:18.000,54.7,44.3,53.9,78.0
Hugo_Sanchez,1874,00:01:18.041,53.9,46.9,53.6,78.1
Hugo_Sanchez,1875,00:01:18.083,53.2,46.9,53.4,78.2
Hugo_Sanchez,1876,00:01:18.125,49.8,46.6,53.1,78.2
Hugo_Sanchez,1877,00:01:18.166,45.2,46.9,52.8,78.1
Hugo_Sanchez,1878,00:01:18.208,41.2,46.8,52.5,77.9
Hugo_Sanchez,1879,00:01:18.250,38.7,46.9,52.2,77.7
Hugo_Sanchez,1880,00:01:18.291,37.4,46.8,51.9,77.5
Hugo_Sanchez,1881,00:01:18.333,36.8,47.3,51.6,77.2
Hugo_Sanchez,1882,00:01:18.375,36.5,47.3,51.4,77.0
Hugo_Sanchez,1883,00:01:18.416,35.9,47.5,51.2,76.7
Hugo_Sanchez,1884,00:01:18.458,35.1,47.6,51.0,76.4
Hugo_Sanchez,1885,00:01:18.500,34.1,47.9,50.9,76.2
Hugo_Sanchez,1886,00:01:18.541,33.1,47.9,50.9,75.9
Hugo_Sanchez,1887,00:01:18.583,32.3,48.0,50.9,75.7
Hugo_Sanchez,1888,00:01:18.625,31.9,48.0,51.0,75.5
Hugo_Sanchez,1889,00:01:18.666,31.9,48.4,51.1,75.4
Hugo_Sanchez,1890,00:01:18.708,31.9,48.3,51.1,75.3
Hugo_Sanchez,1891,00:01:18.750,31.9,48.4,51.2,75.2
Hugo_Sanchez,1892,00:01:18.791,32.2,48.4,51.2,75.1
Hugo_Sanchez,1893,00:01:18.833,33.1,48.6,51.2,75.1
Hugo_Sanchez,1894,00:01:18.875,35.4,48.6,51.1,75.1
Hugo_Sanchez,1895,00:01:18.916,39.8,48.7,51.0,75.2
Hugo_Sanchez,1896,00:01:18.958,41.0,48.6,50.9,75.2
Hugo_Sanchez,1897,00:01:19.000,37.4,48.8,50.8,75.4
Hugo_Sanchez,1898,00:01:19.041,39.6,48.6,50.7,75.5
Hugo_Sanchez,1899,00:01:19.083,41.1,48.6,50.6,75.7
Hugo_Sanchez,1900,00:01:19.125,39.2,48.5,50.5,75.8
Hugo_Sanchez,1901,00:01:19.166,35.4,49.0,50.4,76.0
Hugo_Sanchez,1902,00:01:19.208,31.8,49.0,50.3,76.1
Hugo_Sanchez,1903,00:01:19.250,29.7,49.1,50.3,76.2
Hugo_Sanchez,1904,00:01:19.291,28.8,49.1,50.2,76.2
Hugo_Sanchez,1905,00:01:19.333,28.6,49.3,50.2,76.1
Hugo_Sanchez,1906,00:01:19.375,28.8,49.2,50.2,76.1
Hugo_Sanchez,1907,00:01:19.416,29.2,49.2,50.2,76.0
Hugo_Sanchez,1908,00:01:19.458,29.7,49.1,50.3,75.8
Hugo_Sanchez,1909,00:01:19.500,30.1,49.2,50.3,75.7
Hugo_Sanchez,1910,00:01:19.541,30.4,48.8,50.3,75.6
Hugo_Sanchez,1911,00:01:19.583,30.3,48.8,50.4,75.5
Hugo_Sanchez,1912,00:01:19.625,29.9,48.6,50.4,75.4
Hugo_Sanchez,1913,00:01:19.666,29.2,49.1,50.4,75.4
Hugo_Sanchez,1914,00:01:19.708,28.4,49.1,50.4,75.4
Hugo_Sanchez,1915,00:01:19.750,27.7,49.1,50.4,75.5
Hugo_Sanchez,1916,00:01:19.791,27.5,49.1,50.4,75.6
Hugo_Sanchez,1917,00:01:19.833,28.1,49.1,50.5,75.7
Hugo_Sanchez,1918,00:01:19.875,30.2,48.9,50.5,75.9
Hugo_Sanchez,1919,00:01:19.916,34.5,48.8,50.5,76.1
Hugo_Sanchez,1920,00:01:19.958,39.8,48.9,50.5,76.3
Hugo_Sanchez,1921,00:01:20.000,45.8,49.7,50.6,76.5
Hugo_Sanchez,1922,00:01:20.041,51.2,49.6,50.6,76.7
Hugo_Sanchez,1923,00:01:20.083,52.8,49.6,50.7,76.9
Hugo_Sanchez,1924,00:01:20.125,49.5,49.5,50.7,77.0
Hugo_Sanchez,1925,00:01:20.166,44.0,49.7,50.8,77.2
Hugo_Sanchez,1926,00:01:20.208,39.0,49.3,50.8,77.3
Hugo_Sanchez,1927,00:01:20.250,35.8,49.3,50.8,77.5
Hugo_Sanchez,1928,00:01:20.291,34.2,49.0,50.9,77.5
Hugo_Sanchez,1929,00:01:20.333,33.6,49.2,50.9,77.5
Hugo_Sanchez,1930,00:01:20.375,33.7,48.9,50.8,77.6
Hugo_Sanchez,1931,00:01:20.416,34.3,49.0,50.8,77.7
Hugo_Sanchez,1932,00:01:20.458,35.4,48.8,50.7,77.8
Hugo_Sanchez,1933,00:01:20.500,36.6,45.9,50.6,78.0
Hugo_Sanchez,1934,00:01:20.541,37.5,45.8,50.6,78.3
Hugo_Sanchez,1935,00:01:20.583,37.4,46.4,50.5,78.6
Hugo_Sanchez,1936,00:01:20.625,36.3,46.6,50.4,79.0
Hugo_Sanchez,1937,00:01:20.666,34.8,47.1,50.4,79.3
Hugo_Sanchez,1938,00:01:20.708,33.6,46.9,50.4,79.6
Hugo_Sanchez,1939,00:01:20.750,33.2,46.9,50.5,79.8
Hugo_Sanchez,1940,00:01:20.791,33.9,46.8,50.5,79.9
Hugo_Sanchez,1941,00:01:20.833,35.9,47.2,50.6,79.9
Hugo_Sanchez,1942,00:01:20.875,40.2,47.0,50.8,79.7
Hugo_Sanchez,1943,00:01:20.916,47.9,47.0,50.9,79.5
Hugo_Sanchez,1944,00:01:20.958,55.1,46.9,51.0,79.3
Hugo_Sanchez,1945,00:01:21.000,59.4,46.9,51.0,79.0
Hugo_Sanchez,1946,00:01:21.041,64.3,46.7,51.1,78.7
Hugo_Sanchez,1947,00:01:21.083,66.0,46.8,51.1,78.5
Hugo_Sanchez,1948,00:01:21.125,63.2,46.8,51.1,78.2
Hugo_Sanchez,1949,00:01:21.166,57.3,47.0,51.1,78.0
Hugo_Sanchez,1950,00:01:21.208,51.3,47.0,51.0,77.8
Hugo_Sanchez,1951,00:01:21.250,46.8,47.1,50.9,77.7
Hugo_Sanchez,1952,00:01:21.291,43.9,47.1,50.8,77.5
Hugo_Sanchez,1953,00:01:21.333,42.0,47.5,50.7,77.4
Hugo_Sanchez,1954,00:01:21.375,40.4,47.4,50.6,77.3
Hugo_Sanchez,1955,00:01:21.416,39.0,47.4,50.4,77.1
Hugo_Sanchez,1956,00:01:21.458,37.3,47.4,50.2,76.8
Hugo_Sanchez,1957,00:01:21.500,35.5,47.6,49.8,76.0
Hugo_Sanchez,1958,00:01:21.541,33.8,47.5,49.2,74.8
Hugo_Sanchez,1959,00:01:21.583,32.1,47.5,48.3,72.9
Hugo_Sanchez,1960,00:01:21.625,30.6,47.3,47.0,70.3
Hugo_Sanchez,1961,00:01:21.666,29.1,47.3,45.4,66.9
Hugo_Sanchez,1962,00:01:21.708,27.1,35.6,43.5,62.9
Hugo_Sanchez,1963,00:01:21.750,25.1,35.7,41.6,58.5
Hugo_Sanchez,1964,00:01:21.791,23.6,35.9,39.7,54.0
Hugo_Sanchez,1965,00:01:21.833,22.9,36.0,38.0,49.8
Hugo_Sanchez,1966,00:01:21.875,23.3,36.0,36.6,46.0
Hugo_Sanchez,1967,00:01:21.916,24.8,36.1,35.6,42.7
Hugo_Sanchez,1968,00:01:21.958,27.1,36.1,34.9,40.2
Hugo_Sanchez,1969,00:01:22.000,30.4,36.3,34.4,38.2
Hugo_Sanchez,1970,00:01:22.041,32.1,36.2,34.1,36.7
Hugo_Sanchez,1971,00:01:22.083,34.2,36.2,34.0,35.6
Hugo_Sanchez,1972,00:01:22.125,35.2,36.2,34.0,34.8
Hugo_Sanchez,1973,00:01:22.166,34.5,36.3,33.9,34.3
Hugo_Sanchez,1974,00:01:22.208,32.8,36.3,34.0,34.1
Hugo_Sanchez,1975,00:01:22.250,31.4,36.3,34.0,34.0
Hugo_Sanchez,1976,00:01:22.291,30.3,36.3,34.1,34.2
Hugo_Sanchez,1977,00:01:22.333,29.4,36.4,34.1,34.6
Hugo_Sanchez,1978,00:01:22.375,28.3,36.3,34.2,35.2
Hugo_Sanchez,1979,00:01:22.416,27.2,36.2,34.4,36.0
Hugo_Sanchez,1980,00:01:22.458,25.8,36.2,34.6,37.0
Hugo_Sanchez,1981,00:01:22.500,24.3,36.2,34.8,38.2
Hugo_Sanchez,1982,00:01:22.541,22.9,36.1,35.0,39.5
Hugo_Sanchez,1983,00:01:22.583,21.5,36.0,35.3,40.8
Hugo_Sanchez,1984,00:01:22.625,20.5,36.0,35.6,42.1
Hugo_Sanchez,1985,00:01:22.666,19.7,36.0,35.9,43.3
Hugo_Sanchez,1986,00:01:22.708,19.2,35.8,36.2,44.3
Hugo_Sanchez,1987,00:01:22.750,18.9,35.8,36.4,45.1
Hugo_Sanchez,1988,00:01:22.791,18.8,35.7,36.5,45.8
Hugo_Sanchez,1989,00:01:22.833,19.3,35.7,36.5,46.3
Hugo_Sanchez,1990,00:01:22.875,20.7,35.5,36.5,46.8
Hugo_Sanchez,1991,00:01:22.916,22.8,35.5,36.4,47.1
Hugo_Sanchez,1992,00:01:22.958,22.5,35.3,36.2,47.4
Hugo_Sanchez,1993,00:01:23.000,19.5,35.3,35.9,47.6
Hugo_Sanchez,1994,00:01:23.041,19.9,35.2,35.6,47.8
Hugo_Sanchez,1995,00:01:23.083,21.8,35.2,35.3,48.0
Hugo_Sanchez,1996,00:01:23.125,23.2,35.1,35.0,48.0
Hugo_Sanchez,1997,00:01:23.166,22.9,35.2,34.6,48.0
Hugo_Sanchez,1998,00:01:23.208,21.8,35.1,34.2,48.0
Hugo_Sanchez,1999,00:01:23.250,21.4,35.1,33.9,48.0
Hugo_Sanchez,2000,00:01:23.291,21.7,34.5,33.6,47.9
Hugo_Sanchez,2001,00:01:23.333,22.9,34.2,33.3,47.8
Hugo_Sanchez,2002,00:01:23.375,25.0,34.3,33.2,47.8
Hugo_Sanchez,2003,00:01:23.416,28.0,34.5,33.2,47.8
Hugo_Sanchez,2004,00:01:23.458,32.3,33.7,33.4,47.8
Hugo_Sanchez,2005,00:01:23.500,37.9,33.8,33.7,48.0
Hugo_Sanchez,2006,00:01:23.541,44.5,34.5,34.2,48.4
Hugo_Sanchez,2007,00:01:23.583,50.5,34.8,34.8,48.9
Hugo_Sanchez,2008,00:01:23.625,54.4,34.7,35.4,49.7
Hugo_Sanchez,2009,00:01:23.666,56.3,35.7,36.0,50.9
Hugo_Sanchez,2010,00:01:23.708,56.4,35.8,36.6,52.3
Hugo_Sanchez,2011,00:01:23.750,54.5,36.1,37.1,53.9
Hugo_Sanchez,2012,00:01:23.791,51.7,36.9,37.7,55.5
Hugo_Sanchez,2013,00:01:23.833,49.1,37.5,38.4,57.2
Hugo_Sanchez,2014,00:01:23.875,47.2,37.8,39.0,58.8
Hugo_Sanchez,2015,00:01:23.916,46.0,38.3,39.8,60.2
Hugo_Sanchez,2016,00:01:23.958,43.5,39.2,40.6,61.3
Hugo_Sanchez,2017,00:01:24.000,40.4,39.3,41.4,62.1
Hugo_Sanchez,2018,00:01:24.041,39.7,39.6,42.2,62.8
Hugo_Sanchez,2019,00:01:24.083,40.7,40.2,42.9,63.2
Hugo_Sanchez,2020,00:01:24.125,44.0,40.5,43.4,63.6
Hugo_Sanchez,2021,00:01:24.166,47.9,40.6,43.7,63.9
Hugo_Sanchez,2022,00:01:24.208,52.2,40.5,43.8,64.1
Hugo_Sanchez,2023,00:01:24.250,56.7,40.5,43.8,64.3
Hugo_Sanchez,2024,00:01:24.291,61.0,40.4,43.7,64.6
Hugo_Sanchez,2025,00:01:24.333,65.2,40.4,43.5,64.8
Hugo_Sanchez,2026,00:01:24.375,68.9,40.3,43.4,65.0
Hugo_Sanchez,2027,00:01:24.416,72.3,40.3,43.4,65.2
Hugo_Sanchez,2028,00:01:24.458,75.3,40.2,43.4,65.4
Hugo_Sanchez,2029,00:01:24.500,78.0,40.2,43.6,65.5
Hugo_Sanchez,2030,00:01:24.541,80.0,40.0,43.8,65.5
Hugo_Sanchez,2031,00:01:24.583,81.5,40.0,44.2,65.6
Hugo_Sanchez,2032,00:01:24.625,82.5,39.9,44.6,65.6
Hugo_Sanchez,2033,00:01:24.666,83.1,39.9,45.0,65.5
Hugo_Sanchez,2034,00:01:24.708,83.4,39.9,45.5,65.5
Hugo_Sanchez,2035,00:01:24.750,83.6,39.9,46.0,65.4
Hugo_Sanchez,2036,00:01:24.791,83.8,39.9,46.4,65.4
Hugo_Sanchez,2037,00:01:24.833,84.1,39.8,46.8,65.5
Hugo_Sanchez,2038,00:01:24.875,84.2,39.7,47.1,65.6
Hugo_Sanchez,2039,00:01:24.916,83.2,39.7,47.2,65.9
Hugo_Sanchez,2040,00:01:24.958,80.5,39.7,47.1,66.3
Hugo_Sanchez,2041,00:01:25.000,77.5,39.5,46.9,66.9
Hugo_Sanchez,2042,00:01:25.041,74.6,39.4,46.5,67.6
Hugo_Sanchez,2043,00:01:25.083,69.9,39.3,46.0,68.3
Hugo_Sanchez,2044,00:01:25.125,64.1,36.6,45.5,69.0
Hugo_Sanchez,2045,00:01:25.166,57.8,36.9,45.1,69.7
Hugo_Sanchez,2046,00:01:25.208,51.2,37.1,44.9,70.2
Hugo_Sanchez,2047,00:01:25.250,47.9,37.6,44.9,70.6
Hugo_Sanchez,2048,00:01:25.291,45.6,37.6,45.0,70.8
Hugo_Sanchez,2049,00:01:25.333,44.2,38.2,45.2,70.9
Hugo_Sanchez,2050,00:01:25.375,43.0,38.3,45.4,70.9
Hugo_Sanchez,2051,00:01:25.416,41.8,38.7,45.5,70.9
Hugo_Sanchez,2052,00:01:25.458,40.7,38.7,45.6,70.8
Hugo_Sanchez,2053,00:01:25.500,39.5,39.0,45.7,70.5
Hugo_Sanchez,2054,00:01:25.541,38.1,38.9,45.7,70.1
Hugo_Sanchez,2055,00:01:25.583,36.6,39.0,45.6,69.6
Hugo_Sanchez,2056,00:01:25.625,35.5,38.8,45.5,68.9
Hugo_Sanchez,2057,00:01:25.666,35.2,38.9,45.3,68.0
Hugo_Sanchez,2058,00:01:25.708,36.5,38.5,45.0,67.1
Hugo_Sanchez,2059,00:01:25.750,39.0,37.7,44.8,66.1
Hugo_Sanchez,2060,00:01:25.791,41.7,37.9,44.4,65.3
Hugo_Sanchez,2061,00:01:25.833,44.5,37.9,44.0,64.7
Hugo_Sanchez,2062,00:01:25.875,47.5,37.4,43.6,64.3
Hugo_Sanchez,2063,00:01:25.916,49.1,37.2,43.1,64.2
Hugo_Sanchez,2064,00:01:25.958,48.5,36.9,42.6,64.4
Hugo_Sanchez,2065,00:01:26.000,48.4,37.3,42.0,64.9
Hugo_Sanchez,2066,00:01:26.041,51.2,36.9,41.4,65.6
Hugo_Sanchez,2067,00:01:26.083,55.0,36.7,40.8,66.7
Hugo_Sanchez,2068,00:01:26.125,58.6,36.3,40.1,68.0
Hugo_Sanchez,2069,00:01:26.166,60.8,35.7,39.4,69.6
Hugo_Sanchez,2070,00:01:26.208,61.8,34.2,38.7,71.4
Hugo_Sanchez,2071,00:01:26.250,62.3,34.2,37.9,73.3
Hugo_Sanchez,2072,00:01:26.291,62.2,33.1,37.0,75.1
Hugo_Sanchez,2073,00:01:26.333,61.2,30.4,36.0,76.9
Hugo_Sanchez,2074,00:01:26.375,57.9,29.4,35.0,78.4
Hugo_Sanchez,2075,00:01:26.416,52.0,29.3,34.0,79.7
Hugo_Sanchez,2076,00:01:26.458,45.5,29.5,33.2,80.6
Hugo_Sanchez,2077,00:01:26.500,41.0,29.5,32.5,81.3
Hugo_Sanchez,2078,00:01:26.541,41.5,29.6,32.0,81.9
Hugo_Sanchez,2079,00:01:26.583,48.0,29.7,31.8,82.2
Hugo_Sanchez,2080,00:01:26.625,55.0,29.4,31.7,82.6
Hugo_Sanchez,2081,00:01:26.666,61.2,29.4,31.7,82.9
Hugo_Sanchez,2082,00:01:26.708,66.0,30.2,31.6,83.2
Hugo_Sanchez,2083,00:01:26.750,68.8,32.5,31.2,83.6
Hugo_Sanchez,2084,00:01:26.791,70.5,34.4,30.4,84.0
Hugo_Sanchez,2085,00:01:26.833,71.4,35.2,29.2,84.3
Hugo_Sanchez,2086,00:01:26.875,72.0,34.9,27.6,84.6
Hugo_Sanchez,2087,00:01:26.916,72.0,33.6,25.8,84.7
Hugo_Sanchez,2088,00:01:26.958,73.7,33.2,24.2,84.6
Hugo_Sanchez,2089,00:01:27.000,78.4,33.4,23.1,84.4
Hugo_Sanchez,2090,00:01:27.041,80.5,33.0,22.7,84.0
Hugo_Sanchez,2091,00:01:27.083,81.4,33.7,23.3,83.4
Hugo_Sanchez,2092,00:01:27.125,81.6,35.0,24.8,82.8
Hugo_Sanchez,2093,00:01:27.166,81.1,36.4,27.2,82.1
Hugo_Sanchez,2094,00:01:27.208,79.9,36.1,30.2,81.4
Hugo_Sanchez,2095,00:01:27.250,77.9,35.7,33.5,80.8
Hugo_Sanchez,2096,00:01:27.291,75.2,35.1,36.8,80.2
Hugo_Sanchez,2097,00:01:27.333,72.3,40.6,39.8,79.8
Hugo_Sanchez,2098,00:01:27.375,70.3,40.5,42.3,79.4
Hugo_Sanchez,2099,00:01:27.416,68.6,40.6,44.3,79.2
Hugo_Sanchez,2100,00:01:27.458,66.6,40.7,45.7,79.0
Hugo_Sanchez,2101,00:01:27.500,64.6,40.9,46.7,78.9
Hugo_Sanchez,2102,00:01:27.541,62.5,40.7,47.4,78.7
Hugo_Sanchez,2103,00:01:27.583,60.6,40.8,47.8,78.5
Hugo_Sanchez,2104,00:01:27.625,59.0,40.8,48.2,78.2
Hugo_Sanchez,2105,00:01:27.666,57.0,41.2,48.5,77.8
Hugo_Sanchez,2106,00:01:27.708,54.3,41.1,48.7,77.4
Hugo_Sanchez,2107,00:01:27.750,51.2,40.9,48.8,76.9
Hugo_Sanchez,2108,00:01:27.791,48.5,40.4,48.8,76.5
Hugo_Sanchez,2109,00:01:27.833,47.0,40.4,48.6,76.1
Hugo_Sanchez,2110,00:01:27.875,47.3,40.4,48.1,75.9
Hugo_Sanchez,2111,00:01:27.916,49.8,40.9,47.3,75.8
Hugo_Sanchez,2112,00:01:27.958,53.3,41.1,46.1,75.9
Hugo_Sanchez,2113,00:01:28.000,56.2,41.3,44.6,76.0
Hugo_Sanchez,2114,00:01:28.041,57.7,29.7,42.8,76.3
Hugo_Sanchez,2115,00:01:28.083,61.2,29.7,40.8,76.5
Hugo_Sanchez,2116,00:01:28.125,66.4,29.8,38.7,76.8
Hugo_Sanchez,2117,00:01:28.166,70.8,29.9,36.8,77.0
Hugo_Sanchez,2118,00:01:28.208,74.7,29.9,35.1,77.2
Hugo_Sanchez,2119,00:01:28.250,77.7,29.8,33.8,77.5
Hugo_Sanchez,2120,00:01:28.291,79.8,29.8,32.7,77.7
Hugo_Sanchez,2121,00:01:28.333,80.7,29.9,32.0,78.0
Hugo_Sanchez,2122,00:01:28.375,80.8,29.9,31.6,78.2
Hugo_Sanchez,2123,00:01:28.416,80.4,29.9,31.4,78.4
Hugo_Sanchez,2124,00:01:28.458,79.5,29.9,31.3,78.6
Hugo_Sanchez,2125,00:01:28.500,77.8,30.2,31.1,78.8
Hugo_Sanchez,2126,00:01:28.541,75.6,30.2,30.9,78.8
Hugo_Sanchez,2127,00:01:28.583,72.9,30.1,30.7,78.9
Hugo_Sanchez,2128,00:01:28.625,70.2,30.0,30.3,78.9
Hugo_Sanchez,2129,00:01:28.666,68.2,30.1,29.9,78.8
Hugo_Sanchez,2130,00:01:28.708,66.8,30.1,29.5,78.8
Hugo_Sanchez,2131,00:01:28.750,66.1,30.1,29.1,78.7
Hugo_Sanchez,2132,00:01:28.791,66.2,30.1,28.7,78.7
Hugo_Sanchez,2133,00:01:28.833,66.5,30.1,28.4,78.7
Hugo_Sanchez,2134,00:01:28.875,67.4,30.1,28.2,78.7
Hugo_Sanchez,2135,00:01:28.916,68.3,30.1,28.1,78.7
Hugo_Sanchez,2136,00:01:28.958,69.1,30.0,28.2,78.8
Hugo_Sanchez,2137,00:01:29.000,70.3,29.6,28.3,78.8
Hugo_Sanchez,2138,00:01:29.041,71.0,29.8,28.6,78.9
Hugo_Sanchez,2139,00:01:29.083,72.5,29.8,29.0,79.0
Hugo_Sanchez,2140,00:01:29.125,73.3,30.3,29.5,79.0
Hugo_Sanchez,2141,00:01:29.166,73.5,29.8,30.1,78.9
Hugo_Sanchez,2142,00:01:29.208,73.5,29.0,30.6,78.8
Hugo_Sanchez,2143,00:01:29.250,74.4,28.7,31.1,78.5
Hugo_Sanchez,2144,00:01:29.291,75.9,28.5,31.4,78.0
Hugo_Sanchez,2145,00:01:29.333,77.1,27.9,31.4,77.5
Hugo_Sanchez,2146,00:01:29.375,77.5,27.9,31.3,76.9
Hugo_Sanchez,2147,00:01:29.416,77.2,27.9,31.0,76.2
Hugo_Sanchez,2148,00:01:29.458,76.1,27.9,30.7,75.4
Hugo_Sanchez,2149,00:01:29.500,74.4,27.9,30.4,74.6
Hugo_Sanchez,2150,00:01:29.541,72.7,28.1,30.1,73.9
Hugo_Sanchez,2151,00:01:29.583,71.3,28.2,30.1,73.2
Hugo_Sanchez,2152,00:01:29.625,70.1,28.3,30.2,72.6
Hugo_Sanchez,2153,00:01:29.666,69.2,28.4,30.4,72.1
Hugo_Sanchez,2154,00:01:29.708,68.7,28.5,30.8,71.7
Hugo_Sanchez,2155,00:01:29.750,68.1,28.7,31.3,71.5
Hugo_Sanchez,2156,00:01:29.791,67.8,28.7,31.8,71.4
Hugo_Sanchez,2157,00:01:29.833,67.6,28.8,32.3,71.3
Hugo_Sanchez,2158,00:01:29.875,67.6,28.8,32.7,71.3
Hugo_Sanchez,2159,00:01:29.916,67.3,28.9,33.1,71.3
Hugo_Sanchez,2160,00:01:29.958,66.5,29.0,33.4,71.2
Hugo_Sanchez,2161,00:01:30.000,64.2,28.4,33.6,71.0
Hugo_Sanchez,2162,00:01:30.041,64.5,28.4,33.8,70.7
Hugo_Sanchez,2163,00:01:30.083,65.2,28.4,33.8,70.2
Hugo_Sanchez,2164,00:01:30.125,66.0,28.4,33.7,69.3
Hugo_Sanchez,2165,00:01:30.166,66.7,28.5,33.5,68.0
Hugo_Sanchez,2166,00:01:30.208,66.6,28.6,33.1,66.1
Hugo_Sanchez,2167,00:01:30.250,65.9,28.7,32.6,63.4
Hugo_Sanchez,2168,00:01:30.291,65.0,28.7,31.8,59.9
Hugo_Sanchez,2169,00:01:30.333,64.2,28.8,30.8,55.6
Hugo_Sanchez,2170,00:01:30.375,63.6,28.7,29.7,50.8
Hugo_Sanchez,2171,00:01:30.416,62.7,28.8,28.5,45.6
Hugo_Sanchez,2172,00:01:30.458,61.2,28.8,27.2,40.5
Hugo_Sanchez,2173,00:01:30.500,58.5,25.6,25.8,35.7
Hugo_Sanchez,2174,00:01:30.541,54.7,25.8,24.3,31.6
Hugo_Sanchez,2175,00:01:30.583,49.9,25.8,22.8,28.3
Hugo_Sanchez,2176,00:01:30.625,45.0,26.1,21.2,25.8
Hugo_Sanchez,2177,00:01:30.666,41.5,25.6,19.5,24.1
Hugo_Sanchez,2178,00:01:30.708,39.4,25.9,17.8,23.0
Hugo_Sanchez,2179,00:01:30.750,38.5,25.9,16.1,22.4
Hugo_Sanchez,2180,00:01:30.791,38.7,25.9,14.4,22.1
Hugo_Sanchez,2181,00:01:30.833,39.6,25.6,13.0,22.0
Hugo_Sanchez,2182,00:01:30.875,40.3,26.0,11.8,22.1
Hugo_Sanchez,2183,00:01:30.916,39.1,26.1,10.9,22.1
Hugo_Sanchez,2184,00:01:30.958,44.8,26.1,10.4,22.3
Hugo_Sanchez,2185,00:01:31.000,65.8,25.6,10.2,22.4
Hugo_Sanchez,2186,00:01:31.041,71.7,26.0,10.3,22.6
Hugo_Sanchez,2187,00:01:31.083,74.1,26.1,10.9,22.8
Hugo_Sanchez,2188,00:01:31.125,75.9,26.2,11.8,23.0
Hugo_Sanchez,2189,00:01:31.166,77.2,25.9,13.1,23.2
Hugo_Sanchez,2190,00:01:31.208,77.8,26.1,14.7,23.4
Hugo_Sanchez,2191,00:01:31.250,77.8,26.2,16.3,23.7
Hugo_Sanchez,2192,00:01:31.291,78.0,26.2,18.0,23.9
Hugo_Sanchez,2193,00:01:31.333,78.5,26.2,19.6,24.0
Hugo_Sanchez,2194,00:01:31.375,79.3,26.3,21.0,24.0
Hugo_Sanchez,2195,00:01:31.416,80.4,26.2,22.1,23.9
Hugo_Sanchez,2196,00:01:31.458,81.5,25.9,22.9,23.7
Hugo_Sanchez,2197,00:01:31.500,82.3,25.8,23.5,23.4
Hugo_Sanchez,2198,00:01:31.541,82.6,26.2,23.9,23.1
Hugo_Sanchez,2199,00:01:31.583,82.1,26.0,24.0,22.8
Hugo_Sanchez,2200,00:01:31.625,80.8,25.9,24.0,22.4
Hugo_Sanchez,2201,00:01:31.666,78.1,25.8,23.8,22.1
Hugo_Sanchez,2202,00:01:31.708,74.1,25.6,23.6,21.8
Hugo_Sanchez,2203,00:01:31.750,69.1,25.7,23.3,21.6
Hugo_Sanchez,2204,00:01:31.791,63.6,25.1,23.1,21.4
Hugo_Sanchez,2205,00:01:31.833,58.4,24.5,22.9,21.3
Hugo_Sanchez,2206,00:01:31.875,52.9,24.7,22.8,21.2
Hugo_Sanchez,2207,00:01:31.916,43.6,24.8,22.8,21.1
Hugo_Sanchez,2208,00:01:31.958,41.1,24.9,22.8,21.1
Hugo_Sanchez,2209,00:01:32.000,55.2,24.7,22.7,21.0
Hugo_Sanchez,2210,00:01:32.041,61.6,25.0,22.6,21.0
Hugo_Sanchez,2211,00:01:32.083,64.0,24.9,22.4,20.9
Hugo_Sanchez,2212,00:01:32.125,66.7,24.9,22.2,20.9
Hugo_Sanchez,2213,00:01:32.166,69.3,25.0,22.1,20.9
Hugo_Sanchez,2214,00:01:32.208,69.6,25.3,21.9,21.0
Hugo_Sanchez,2215,00:01:32.250,67.1,25.4,21.8,21.1
Hugo_Sanchez,2216,00:01:32.291,66.7,24.8,21.7,21.4
Hugo_Sanchez,2217,00:01:32.333,73.7,24.8,21.5,21.8
Hugo_Sanchez,2218,00:01:32.375,80.0,25.1,21.3,22.3
Hugo_Sanchez,2219,00:01:32.416,84.1,25.1,20.9,22.8
Hugo_Sanchez,2220,00:01:32.458,86.0,25.2,20.4,23.3
Hugo_Sanchez,2221,00:01:32.500,86.1,25.3,19.8,23.8
Hugo_Sanchez,2222,00:01:32.541,84.7,25.4,19.2,24.3
Hugo_Sanchez,2223,00:01:32.583,81.8,25.5,18.9,24.7
Hugo_Sanchez,2224,00:01:32.625,77.5,25.5,19.0,25.0
Hugo_Sanchez,2225,00:01:32.666,72.0,25.4,19.5,25.3
Hugo_Sanchez,2226,00:01:32.708,65.2,25.7,20.5,25.5
Hugo_Sanchez,2227,00:01:32.750,58.6,25.8,22.0,25.8
Hugo_Sanchez,2228,00:01:32.791,53.3,25.9,23.8,26.1
Hugo_Sanchez,2229,00:01:32.833,50.9,26.1,25.7,26.6
Hugo_Sanchez,2230,00:01:32.875,50.2,26.4,27.7,27.1
Hugo_Sanchez,2231,00:01:32.916,47.6,26.6,29.7,28.0
Hugo_Sanchez,2232,00:01:32.958,44.4,26.9,31.5,29.2
Hugo_Sanchez,2233,00:01:33.000,43.4,26.9,33.3,30.9
Hugo_Sanchez,2234,00:01:33.041,43.5,27.4,35.0,33.3
Hugo_Sanchez,2235,00:01:33.083,44.5,27.7,36.7,36.3
Hugo_Sanchez,2236,00:01:33.125,45.8,27.6,38.4,40.1
Hugo_Sanchez,2237,00:01:33.166,46.5,27.4,40.1,44.6
Hugo_Sanchez,2238,00:01:33.208,45.5,27.7,41.8,49.5
Hugo_Sanchez,2239,00:01:33.250,43.6,28.0,43.4,54.6
Hugo_Sanchez,2240,00:01:33.291,41.6,28.4,44.8,59.6
Hugo_Sanchez,2241,00:01:33.333,40.6,46.8,46.0,64.2
Hugo_Sanchez,2242,00:01:33.375,39.7,46.6,47.1,68.0
Hugo_Sanchez,2243,00:01:33.416,38.7,46.7,47.9,71.2
Hugo_Sanchez,2244,00:01:33.458,37.3,46.6,48.5,73.5
Hugo_Sanchez,2245,00:01:33.500,35.6,47.1,49.0,75.2
Hugo_Sanchez,2246,00:01:33.541,33.9,47.0,49.3,76.2
Hugo_Sanchez,2247,00:01:33.583,32.5,47.2,49.6,76.9
Hugo_Sanchez,2248,00:01:33.625,31.5,47.1,49.8,77.3
Hugo_Sanchez,2249,00:01:33.666,30.6,47.5,50.0,77.6
Hugo_Sanchez,2250,00:01:33.708,29.9,47.3,50.2,77.8
Hugo_Sanchez,2251,00:01:33.750,29.2,47.4,50.3,77.9
Hugo_Sanchez,2252,00:01:33.791,29.2,47.4,50.4,78.0
Hugo_Sanchez,2253,00:01:33.833,30.0,47.7,50.4,78.0
Hugo_Sanchez,2254,00:01:33.875,32.3,47.5,50.4,78.0
Hugo_Sanchez,2255,00:01:33.916,36.8,47.6,50.4,78.0
Hugo_Sanchez,2256,00:01:33.958,39.4,47.6,50.3,78.0
Hugo_Sanchez,2257,00:01:34.000,38.7,47.9,50.3,77.9
Hugo_Sanchez,2258,00:01:34.041,40.6,47.8,50.2,77.9
Hugo_Sanchez,2259,00:01:34.083,41.9,47.8,50.2,77.8
Hugo_Sanchez,2260,00:01:34.125,40.4,47.6,50.1,77.8
Hugo_Sanchez,2261,00:01:34.166,37.0,47.8,50.1,77.8
Hugo_Sanchez,2262,00:01:34.208,33.9,47.7,50.0,77.8
Hugo_Sanchez,2263,00:01:34.250,32.0,47.7,49.9,77.8
Hugo_Sanchez,2264,00:01:34.291,31.2,47.6,49.8,77.8
Hugo_Sanchez,2265,00:01:34.333,30.9,48.0,49.8,77.8
Hugo_Sanchez,2266,00:01:34.375,30.9,47.9,49.7,77.8
Hugo_Sanchez,2267,00:01:34.416,30.7,48.0,49.7,77.8
Hugo_Sanchez,2268,00:01:34.458,30.3,47.9,49.7,77.8
Hugo_Sanchez,2269,00:01:34.500,29.8,48.2,49.7,77.8
Hugo_Sanchez,2270,00:01:34.541,29.2,48.0,49.8,77.8
Hugo_Sanchez,2271,00:01:34.583,28.5,47.9,49.9,77.8
Hugo_Sanchez,2272,00:01:34.625,27.9,47.9,50.0,77.8
Hugo_Sanchez,2273,00:01:34.666,27.3,48.3,50.1,77.8
Hugo_Sanchez,2274,00:01:34.708,26.7,48.1,50.2,77.8
Hugo_Sanchez,2275,00:01:34.750,26.2,48.2,50.3,77.9
Hugo_Sanchez,2276,00:01:34.791,26.2,48.2,50.3,77.9
Hugo_Sanchez,2277,00:01:34.833,27.0,48.4,50.4,77.9
Hugo_Sanchez,2278,00:01:34.875,29.3,48.3,50.4,77.9
Hugo_Sanchez,2279,00:01:34.916,33.8,48.3,50.4,77.9
Hugo_Sanchez,2280,00:01:34.958,36.7,48.4,50.3,77.8
Hugo_Sanchez,2281,00:01:35.000,35.0,49.2,50.3,77.8
Hugo_Sanchez,2282,00:01:35.041,36.0,48.9,50.3,77.7
Hugo_Sanchez,2283,00:01:35.083,37.0,49.0,50.3,77.6
Hugo_Sanchez,2284,00:01:35.125,36.4,48.9,50.3,77.5
Hugo_Sanchez,2285,00:01:35.166,34.2,49.2,50.3,77.5
Hugo_Sanchez,2286,00:01:35.208,31.9,49.2,50.3,77.4
Hugo_Sanchez,2287,00:01:35.250,30.4,49.3,50.3,77.4
Hugo_Sanchez,2288,00:01:35.291,29.7,49.3,50.3,77.4
Hugo_Sanchez,2289,00:01:35.333,29.4,49.5,50.3,77.4
Hugo_Sanchez,2290,00:01:35.375,29.5,49.4,50.2,77.4
Hugo_Sanchez,2291,00:01:35.416,29.7,49.4,50.2,77.4
Hugo_Sanchez,2292,00:01:35.458,29.9,49.4,50.2,77.5
Hugo_Sanchez,2293,00:01:35.500,30.2,49.5,50.2,77.5
Hugo_Sanchez,2294,00:01:35.541,30.4,49.4,50.1,77.5
Hugo_Sanchez,2295,00:01:35.583,30.5,49.4,50.1,77.5
Hugo_Sanchez,2296,00:01:35.625,30.5,49.3,50.1,77.6
Hugo_Sanchez,2297,00:01:35.666,30.4,49.5,50.0,77.6
Hugo_Sanchez,2298,00:01:35.708,30.0,49.3,50.0,77.6
Hugo_Sanchez,2299,00:01:35.750,29.5,49.1,50.0,77.7
Hugo_Sanchez,2300,00:01:35.791,29.3,48.9,50.0,77.7
Hugo_Sanchez,2301,00:01:35.833,29.9,49.1,50.1,77.8
Hugo_Sanchez,2302,00:01:35.875,32.0,48.9,50.1,77.8
Hugo_Sanchez,2303,00:01:35.916,35.9,49.0,50.1,77.9
Hugo_Sanchez,2304,00:01:35.958,39.0,49.0,50.2,78.1
Hugo_Sanchez,2305,00:01:36.000,40.2,48.1,50.2,78.2
Hugo_Sanchez,2306,00:01:36.041,42.6,48.0,50.2,78.3
Hugo_Sanchez,2307,00:01:36.083,43.7,48.0,50.1,78.3
Hugo_Sanchez,2308,00:01:36.125,41.7,47.9,49.8,78.0
Hugo_Sanchez,2309,00:01:36.166,37.8,48.0,49.4,77.3
Hugo_Sanchez,2310,00:01:36.208,33.9,47.9,48.7,75.9
Hugo_Sanchez,2311,00:01:36.250,31.2,47.7,47.7,73.8
Hugo_Sanchez,2312,00:01:36.291,29.7,47.4,46.3,70.8
Hugo_Sanchez,2313,00:01:36.333,29.2,47.3,44.6,67.0
Hugo_Sanchez,2314,00:01:36.375,30.3,34.1,42.6,62.5
Hugo_Sanchez,2315,00:01:36.416,32.5,34.4,40.5,57.8
Hugo_Sanchez,2316,00:01:36.458,35.5,34.5,38.3,53.0
Hugo_Sanchez,2317,00:01:36.500,39.0,34.7,36.2,48.7
Hugo_Sanchez,2318,00:01:36.541,42.5,35.2,34.4,44.9
Hugo_Sanchez,2319,00:01:36.583,44.9,35.0,32.9,41.8
Hugo_Sanchez,2320,00:01:36.625,45.9,34.7,31.6,39.3
Hugo_Sanchez,2321,00:01:36.666,46.3,34.8,30.7,37.5
Hugo_Sanchez,2322,00:01:36.708,46.0,35.3,30.1,36.0
Hugo_Sanchez,2323,00:01:36.750,45.2,35.9,29.9,34.8
Hugo_Sanchez,2324,00:01:36.791,44.0,36.3,29.9,33.8
Hugo_Sanchez,2325,00:01:36.833,42.7,36.3,30.3,32.9
Hugo_Sanchez,2326,00:01:36.875,41.6,36.2,30.9,32.1
Hugo_Sanchez,2327,00:01:36.916,39.8,36.2,31.7,31.6
Hugo_Sanchez,2328,00:01:36.958,43.0,36.3,32.7,31.2
Hugo_Sanchez,2329,00:01:37.000,56.6,36.0,33.8,31.0
Hugo_Sanchez,2330,00:01:37.041,61.3,36.2,34.9,31.1
Hugo_Sanchez,2331,00:01:37.083,61.4,36.3,36.0,31.3
Hugo_Sanchez,2332,00:01:37.125,58.6,35.9,37.2,31.7
Hugo_Sanchez,2333,00:01:37.166,53.8,36.1,38.4,32.3
Hugo_Sanchez,2334,00:01:37.208,47.5,36.1,39.6,32.9
Hugo_Sanchez,2335,00:01:37.250,41.6,36.3,40.7,33.4
Hugo_Sanchez,2336,00:01:37.291,37.2,36.6,41.8,33.9
Hugo_Sanchez,2337,00:01:37.333,33.8,36.6,42.7,34.2
Hugo_Sanchez,2338,00:01:37.375,30.6,36.8,43.3,34.3
Hugo_Sanchez,2339,00:01:37.416,27.7,36.5,43.5,34.3
Hugo_Sanchez,2340,00:01:37.458,26.1,36.9,43.4,34.3
Hugo_Sanchez,2341,00:01:37.500,26.7,37.0,42.8,34.2
Hugo_Sanchez,2342,00:01:37.541,28.8,37.5,41.9,34.1
Hugo_Sanchez,2343,00:01:37.583,31.1,37.7,40.8,34.0
Hugo_Sanchez,2344,00:01:37.625,32.9,37.6,39.5,34.0
Hugo_Sanchez,2345,00:01:37.666,33.5,37.5,38.3,34.0
Hugo_Sanchez,2346,00:01:37.708,32.8,38.1,37.2,33.9
Hugo_Sanchez,2347,00:01:37.750,31.3,38.2,36.4,33.8
Hugo_Sanchez,2348,00:01:37.791,30.0,38.2,35.9,33.7
Hugo_Sanchez,2349,00:01:37.833,29.6,37.5,35.6,33.6
Hugo_Sanchez,2350,00:01:37.875,30.7,37.9,35.4,33.4
Hugo_Sanchez,2351,00:01:37.916,33.4,37.6,35.4,33.2
Hugo_Sanchez,2352,00:01:37.958,35.4,37.5,35.3,33.0
Hugo_Sanchez,2353,00:01:38.000,36.0,37.6,35.2,32.7
Hugo_Sanchez,2354,00:01:38.041,36.5,37.7,34.9,32.5
Hugo_Sanchez,2355,00:01:38.083,38.6,38.0,34.5,32.2
Hugo_Sanchez,2356,00:01:38.125,41.8,38.4,34.0,31.9
Hugo_Sanchez,2357,00:01:38.166,44.2,38.1,33.3,31.6
Hugo_Sanchez,2358,00:01:38.208,43.9,38.4,32.7,31.4
Hugo_Sanchez,2359,00:01:38.250,40.8,38.4,32.2,31.3
Hugo_Sanchez,2360,00:01:38.291,35.8,38.3,31.8,31.3
Hugo_Sanchez,2361,00:01:38.333,30.6,37.8,31.7,31.5
Hugo_Sanchez,2362,00:01:38.375,26.2,38.4,31.9,31.8
Hugo_Sanchez,2363,00:01:38.416,23.1,38.7,32.4,32.2
Hugo_Sanchez,2364,00:01:38.458,21.3,39.3,33.1,32.8
Hugo_Sanchez,2365,00:01:38.500,20.4,39.0,33.8,33.6
Hugo_Sanchez,2366,00:01:38.541,20.0,39.1,34.5,34.5
Hugo_Sanchez,2367,00:01:38.583,19.7,39.0,35.1,35.4
Hugo_Sanchez,2368,00:01:38.625,19.6,38.8,35.3,36.3
Hugo_Sanchez,2369,00:01:38.666,19.3,38.5,35.1,37.1
Hugo_Sanchez,2370,00:01:38.708,18.7,38.8,34.4,37.9
Hugo_Sanchez,2371,00:01:38.750,17.9,38.6,33.4,38.5
Hugo_Sanchez,2372,00:01:38.791,17.3,38.9,32.1,39.0
Hugo_Sanchez,2373,00:01:38.833,17.1,39.0,30.7,39.4
Hugo_Sanchez,2374,00:01:38.875,18.4,39.5,29.2,39.7
Hugo_Sanchez,2375,00:01:38.916,22.6,39.5,27.7,40.0
Hugo_Sanchez,2376,00:01:38.958,26.5,39.5,26.4,40.2
Hugo_Sanchez,2377,00:01:39.000,25.5,38.2,25.1,40.4
Hugo_Sanchez,2378,00:01:39.041,25.7,38.8,24.0,40.7
Hugo_Sanchez,2379,00:01:39.083,24.4,38.9,22.9,41.0
Hugo_Sanchez,2380,00:01:39.125,21.6,39.1,21.9,41.5
Hugo_Sanchez,2381,00:01:39.166,18.5,38.4,21.0,41.9
Hugo_Sanchez,2382,00:01:39.208,16.4,38.8,20.1,42.3
Hugo_Sanchez,2383,00:01:39.250,15.2,38.9,19.4,42.5
Hugo_Sanchez,2384,00:01:39.291,14.7,38.9,18.9,42.6
Hugo_Sanchez,2385,00:01:39.333,14.9,38.5,18.7,42.4
Hugo_Sanchez,2386,00:01:39.375,15.5,38.6,18.8,42.0
Hugo_Sanchez,2387,00:01:39.416,16.4,38.5,19.3,41.5
Hugo_Sanchez,2388,00:01:39.458,17.6,38.7,20.3,41.0
Hugo_Sanchez,2389,00:01:39.500,18.7,38.5,21.8,41.0
Hugo_Sanchez,2390,00:01:39.541,19.4,39.0,23.9,41.5
Hugo_Sanchez,2391,00:01:39.583,19.5,39.0,26.6,42.7
Hugo_Sanchez,2392,00:01:39.625,19.0,39.0,29.9,44.8
Hugo_Sanchez,2393,00:01:39.666,17.8,38.4,33.6,47.8
Hugo_Sanchez,2394,00:01:39.708,16.0,38.6,37.8,51.3
Hugo_Sanchez,2395,00:01:39.750,13.8,38.9,42.0,55.3
Hugo_Sanchez,2396,00:01:39.791,11.7,52.5,46.0,59.3
Hugo_Sanchez,2397,00:01:39.833,9.9,52.6,49.6,63.0
Hugo_Sanchez,2398,00:01:39.875,9.1,52.5,52.5,66.1
Hugo_Sanchez,2399,00:01:39.916,10.2,52.5,54.8,68.5
Hugo_Sanchez,2400,00:01:39.958,13.1,52.7,56.3,70.2
Hugo_Sanchez,2401,00:01:40.000,17.6,53.4,57.3,71.2
Hugo_Sanchez,2402,00:01:40.041,21.3,53.3,57.9,71.7
Hugo_Sanchez,2403,00:01:40.083,20.8,53.6,58.2,71.7
Hugo_Sanchez,2404,00:01:40.125,16.1,53.8,58.4,71.5
Hugo_Sanchez,2405,00:01:40.166,11.5,54.2,58.5,71.2
Hugo_Sanchez,2406,00:01:40.208,8.7,54.2,58.7,71.0
Hugo_Sanchez,2407,00:01:40.250,7.4,54.4,58.9,70.8
Hugo_Sanchez,2408,00:01:40.291,6.9,54.5,59.1,70.7
Hugo_Sanchez,2409,00:01:40.333,6.9,54.7,59.3,70.8
Hugo_Sanchez,2410,00:01:40.375,7.0,55.0,59.5,71.0
Hugo_Sanchez,2411,00:01:40.416,7.2,55.5,59.8,71.4
Hugo_Sanchez,2412,00:01:40.458,7.3,55.4,60.0,71.8
Hugo_Sanchez,2413,00:01:40.500,7.5,55.8,60.3,72.2
Hugo_Sanchez,2414,00:01:40.541,7.6,55.5,60.7,72.5
Hugo_Sanchez,2415,00:01:40.583,7.8,55.7,61.0,72.7
Hugo_Sanchez,2416,00:01:40.625,8.0,55.5,61.4,72.8
Hugo_Sanchez,2417,00:01:40.666,8.1,55.8,61.8,72.8
Hugo_Sanchez,2418,00:01:40.708,7.9,55.8,62.1,72.8
Hugo_Sanchez,2419,00:01:40.750,7.6,55.9,62.5,72.7
Hugo_Sanchez,2420,00:01:40.791,7.3,55.7,62.8,72.6
Hugo_Sanchez,2421,00:01:40.833,7.4,56.0,63.0,72.5
Hugo_Sanchez,2422,00:01:40.875,8.3,56.0,63.2,72.4
Hugo_Sanchez,2423,00:01:40.916,11.1,56.2,63.3,72.4
Hugo_Sanchez,2424,00:01:40.958,14.6,56.2,63.4,72.4
Hugo_Sanchez,2425,00:01:41.000,16.0,56.3,63.4,72.4
Hugo_Sanchez,2426,00:01:41.041,18.2,55.9,63.4,72.5
Hugo_Sanchez,2427,00:01:41.083,18.2,55.8,63.1,72.5
Hugo_Sanchez,2428,00:01:41.125,15.4,55.4,62.8,72.6
Hugo_Sanchez,2429,00:01:41.166,12.5,55.2,62.4,72.6
Hugo_Sanchez,2430,00:01:41.208,10.8,54.2,61.9,72.7
Hugo_Sanchez,2431,00:01:41.250,10.2,53.8,61.4,72.7
Hugo_Sanchez,2432,00:01:41.291,10.4,53.3,60.8,72.8
Hugo_Sanchez,2433,00:01:41.333,10.9,53.6,60.1,72.9
Hugo_Sanchez,2434,00:01:41.375,11.2,53.2,59.5,73.0
Hugo_Sanchez,2435,00:01:41.416,11.4,52.8,58.7,73.2
Hugo_Sanchez,2436,00:01:41.458,11.5,52.6,57.9,73.4
Hugo_Sanchez,2437,00:01:41.500,11.7,52.6,57.0,73.7
Hugo_Sanchez,2438,00:01:41.541,12.4,52.4,55.9,74.0
Hugo_Sanchez,2439,00:01:41.583,13.7,43.9,54.8,74.3
Hugo_Sanchez,2440,00:01:41.625,15.9,43.9,53.6,74.5
Hugo_Sanchez,2441,00:01:41.666,19.6,44.1,52.6,74.7
Hugo_Sanchez,2442,00:01:41.708,25.4,44.2,51.7,74.9
Hugo_Sanchez,2443,00:01:41.750,31.6,44.4,51.0,75.0
Hugo_Sanchez,2444,00:01:41.791,36.7,44.4,50.5,75.1
Hugo_Sanchez,2445,00:01:41.833,41.1,44.6,50.1,75.2
Hugo_Sanchez,2446,00:01:41.875,46.5,44.6,49.9,75.3
Hugo_Sanchez,2447,00:01:41.916,53.8,44.7,49.9,75.3
Hugo_Sanchez,2448,00:01:41.958,55.9,44.6,49.8,75.4
Hugo_Sanchez,2449,00:01:42.000,51.2,44.9,49.8,75.4
Hugo_Sanchez,2450,00:01:42.041,52.5,44.9,49.8,75.4
Hugo_Sanchez,2451,00:01:42.083,53.6,44.8,49.8,75.3
Hugo_Sanchez,2452,00:01:42.125,51.2,44.7,49.7,75.2
Hugo_Sanchez,2453,00:01:42.166,47.1,44.9,49.7,75.0
Hugo_Sanchez,2454,00:01:42.208,43.0,44.7,49.6,74.8
Hugo_Sanchez,2455,00:01:42.250,40.2,44.8,49.5,74.7
Hugo_Sanchez,2456,00:01:42.291,38.8,44.9,49.4,74.5
Hugo_Sanchez,2457,00:01:42.333,38.5,45.3,49.3,74.4
Hugo_Sanchez,2458,00:01:42.375,38.9,45.2,49.1,74.3
Hugo_Sanchez,2459,00:01:42.416,39.5,45.4,49.0,74.4
Hugo_Sanchez,2460,00:01:42.458,40.0,45.4,48.9,74.5
Hugo_Sanchez,2461,00:01:42.500,40.7,45.8,48.7,74.6
Hugo_Sanchez,2462,00:01:42.541,41.7,45.5,48.6,74.8
Hugo_Sanchez,2463,00:01:42.583,42.9,45.6,48.5,75.0
Hugo_Sanchez,2464,00:01:42.625,44.1,45.5,48.5,75.2
Hugo_Sanchez,2465,00:01:42.666,45.2,45.8,48.4,75.4
Hugo_Sanchez,2466,00:01:42.708,45.8,45.7,48.4,75.5
Hugo_Sanchez,2467,00:01:42.750,46.0,45.6,48.3,75.5
Hugo_Sanchez,2468,00:01:42.791,46.2,45.4,48.2,75.5
Hugo_Sanchez,2469,00:01:42.833,47.3,45.8,48.2,75.5
Hugo_Sanchez,2470,00:01:42.875,49.6,45.6,48.1,75.4
Hugo_Sanchez,2471,00:01:42.916,53.3,45.8,48.0,75.3
Hugo_Sanchez,2472,00:01:42.958,55.3,45.7,48.0,75.1
Hugo_Sanchez,2473,00:01:43.000,54.7,46.0,47.9,75.0
Hugo_Sanchez,2474,00:01:43.041,57.1,45.9,47.9,74.8
Hugo_Sanchez,2475,00:01:43.083,58.1,45.9,48.0,74.7
Hugo_Sanchez,2476,00:01:43.125,54.9,45.8,48.0,74.6
Hugo_Sanchez,2477,00:01:43.166,49.8,45.9,48.1,74.5
Hugo_Sanchez,2478,00:01:43.208,44.7,46.0,48.2,74.4
Hugo_Sanchez,2479,00:01:43.250,41.4,45.9,48.3,74.3
Hugo_Sanchez,2480,00:01:43.291,39.6,45.7,48.4,74.3
Hugo_Sanchez,2481,00:01:43.333,39.3,45.8,48.5,74.3
Hugo_Sanchez,2482,00:01:43.375,40.0,45.4,48.6,74.3
Hugo_Sanchez,2483,00:01:43.416,41.6,45.5,48.6,74.3
Hugo_Sanchez,2484,00:01:43.458,43.7,45.3,48.6,74.3
Hugo_Sanchez,2485,00:01:43.500,46.0,45.5,48.6,74.3
Hugo_Sanchez,2486,00:01:43.541,47.8,45.4,48.6,74.3
Hugo_Sanchez,2487,00:01:43.583,48.9,45.4,48.5,74.3
Hugo_Sanchez,2488,00:01:43.625,49.2,44.9,48.5,74.4
Hugo_Sanchez,2489,00:01:43.666,48.6,45.0,48.5,74.4
Hugo_Sanchez,2490,00:01:43.708,47.6,44.9,48.5,74.6
Hugo_Sanchez,2491,00:01:43.750,46.4,45.1,48.6,74.8
Hugo_Sanchez,2492,00:01:43.791,45.8,45.1,48.9,75.1
Hugo_Sanchez,2493,00:01:43.833,46.3,45.5,49.3,75.6
Hugo_Sanchez,2494,00:01:43.875,49.0,45.5,49.8,76.1
Hugo_Sanchez,2495,00:01:43.916,54.3,45.4,50.3,76.6
Hugo_Sanchez,2496,00:01:43.958,51.1,46.6,50.8,77.2
Hugo_Sanchez,2497,00:01:44.000,38.2,46.7,51.2,77.7
Hugo_Sanchez,2498,00:01:44.041,38.4,46.7,51.6,78.1
Hugo_Sanchez,2499,00:01:44.083,39.6,46.8,51.9,78.5
Hugo_Sanchez,2500,00:01:44.125,37.8,46.8,52.1,78.8
Hugo_Sanchez,2501,00:01:44.166,34.3,47.0,52.2,79.0
Hugo_Sanchez,2502,00:01:44.208,30.9,46.9,52.2,79.1
Hugo_Sanchez,2503,00:01:44.250,28.8,47.1,52.3,79.2
Hugo_Sanchez,2504,00:01:44.291,27.7,47.0,52.3,79.2
Hugo_Sanchez,2505,00:01:44.333,27.3,47.5,52.3,79.2
Hugo_Sanchez,2506,00:01:44.375,27.3,47.5,52.2,79.2
Hugo_Sanchez,2507,00:01:44.416,27.5,47.7,52.2,79.2
Hugo_Sanchez,2508,00:01:44.458,27.8,47.6,52.2,79.1
Hugo_Sanchez,2509,00:01:44.500,28.1,48.0,52.2,79.0
Hugo_Sanchez,2510,00:01:44.541,28.4,47.8,52.1,79.0
Hugo_Sanchez,2511,00:01:44.583,28.7,47.8,52.2,78.9
Hugo_Sanchez,2512,00:01:44.625,28.8,47.7,52.2,78.8
Hugo_Sanchez,2513,00:01:44.666,28.7,48.0,52.2,78.8
Hugo_Sanchez,2514,00:01:44.708,28.2,47.8,52.3,78.8
Hugo_Sanchez,2515,00:01:44.750,27.5,47.9,52.4,78.9
Hugo_Sanchez,2516,00:01:44.791,27.2,47.8,52.5,79.0
Hugo_Sanchez,2517,00:01:44.833,27.6,48.3,52.5,79.1
Hugo_Sanchez,2518,00:01:44.875,29.5,48.0,52.6,79.3
Hugo_Sanchez,2519,00:01:44.916,33.3,48.0,52.6,79.5
Hugo_Sanchez,2520,00:01:44.958,37.7,48.1,52.7,79.7
Hugo_Sanchez,2521,00:01:45.000,41.5,48.8,52.7,79.8
Hugo_Sanchez,2522,00:01:45.041,45.1,48.7,52.7,80.0
Hugo_Sanchez,2523,00:01:45.083,46.8,48.6,52.7,80.1
Hugo_Sanchez,2524,00:01:45.125,43.8,48.5,52.7,80.2
Hugo_Sanchez,2525,00:01:45.166,38.8,48.6,52.7,80.2
Hugo_Sanchez,2526,00:01:45.208,34.4,48.6,52.6,80.1
Hugo_Sanchez,2527,00:01:45.250,31.8,48.7,52.6,80.0
Hugo_Sanchez,2528,00:01:45.291,30.7,48.6,52.5,79.9
Hugo_Sanchez,2529,00:01:45.333,30.3,48.8,52.5,79.8
Hugo_Sanchez,2530,00:01:45.375,30.3,48.7,52.4,79.6
Hugo_Sanchez,2531,00:01:45.416,30.4,48.8,52.4,79.4
Hugo_Sanchez,2532,00:01:45.458,30.4,48.7,52.3,79.2
Hugo_Sanchez,2533,00:01:45.500,30.3,49.0,52.2,79.0
Hugo_Sanchez,2534,00:01:45.541,30.3,48.7,52.1,78.8
Hugo_Sanchez,2535,00:01:45.583,30.3,48.6,52.0,78.6
Hugo_Sanchez,2536,00:01:45.625,30.4,48.4,52.0,78.4
Hugo_Sanchez,2537,00:01:45.666,30.4,48.8,51.9,78.3
Hugo_Sanchez,2538,00:01:45.708,30.1,48.6,51.8,78.1
Hugo_Sanchez,2539,00:01:45.750,29.7,48.6,51.7,77.7
Hugo_Sanchez,2540,00:01:45.791,29.7,48.6,51.4,77.0
Hugo_Sanchez,2541,00:01:45.833,30.4,48.7,51.0,75.7
Hugo_Sanchez,2542,00:01:45.875,32.5,48.4,50.3,73.7
Hugo_Sanchez,2543,00:01:45.916,37.1,48.3,49.4,70.8
Hugo_Sanchez,2544,00:01:45.958,41.7,48.2,48.0,66.8
Hugo_Sanchez,2545,00:01:46.000,43.5,48.4,46.4,62.0
Hugo_Sanchez,2546,00:01:46.041,43.6,48.1,44.6,56.4
Hugo_Sanchez,2547,00:01:46.083,42.6,48.1,42.8,50.5
Hugo_Sanchez,2548,00:01:46.125,40.0,32.9,41.1,44.7
Hugo_Sanchez,2549,00:01:46.166,36.1,33.1,39.6,39.4
Hugo_Sanchez,2550,00:01:46.208,32.3,33.5,38.5,34.9
Hugo_Sanchez,2551,00:01:46.250,30.4,33.6,37.9,31.4
Hugo_Sanchez,2552,00:01:46.291,30.1,33.9,37.7,28.9
Hugo_Sanchez,2553,00:01:46.333,28.6,33.8,37.9,27.2
Hugo_Sanchez,2554,00:01:46.375,25.2,34.1,38.2,26.1
Hugo_Sanchez,2555,00:01:46.416,22.4,34.5,38.7,25.6
Hugo_Sanchez,2556,00:01:46.458,20.9,34.5,39.2,25.2
Hugo_Sanchez,2557,00:01:46.500,19.8,34.8,39.6,25.0
Hugo_Sanchez,2558,00:01:46.541,18.9,34.6,40.1,24.7
Hugo_Sanchez,2559,00:01:46.583,20.1,34.7,40.5,24.3
Hugo_Sanchez,2560,00:01:46.625,22.2,34.8,41.0,23.8
Hugo_Sanchez,2561,00:01:46.666,22.2,31.7,41.5,23.3
Hugo_Sanchez,2562,00:01:46.708,19.9,31.7,41.9,22.6
Hugo_Sanchez,2563,00:01:46.750,19.3,32.3,42.2,22.0
Hugo_Sanchez,2564,00:01:46.791,24.4,32.4,42.4,21.4
Hugo_Sanchez,2565,00:01:46.833,31.6,34.2,42.5,20.9
Hugo_Sanchez,2566,00:01:46.875,39.2,34.7,42.5,20.6
Hugo_Sanchez,2567,00:01:46.916,45.7,35.1,42.6,20.4
Hugo_Sanchez,2568,00:01:46.958,47.3,35.0,42.7,20.4
Hugo_Sanchez,2569,00:01:47.000,43.7,33.6,43.1,20.5
Hugo_Sanchez,2570,00:01:47.041,42.4,33.4,43.8,20.8
Hugo_Sanchez,2571,00:01:47.083,44.1,33.5,44.6,21.3
Hugo_Sanchez,2572,00:01:47.125,47.0,33.9,45.6,21.9
Hugo_Sanchez,2573,00:01:47.166,49.0,33.8,46.4,22.7
Hugo_Sanchez,2574,00:01:47.208,49.4,33.8,47.0,23.6
Hugo_Sanchez,2575,00:01:47.250,49.8,34.5,47.1,24.6
Hugo_Sanchez,2576,00:01:47.291,51.3,34.3,46.5,25.6
Hugo_Sanchez,2577,00:01:47.333,54.3,32.0,45.2,26.6
Hugo_Sanchez,2578,00:01:47.375,58.3,31.6,43.2,27.3
Hugo_Sanchez,2579,00:01:47.416,61.9,32.5,40.7,27.9
Hugo_Sanchez,2580,00:01:47.458,63.3,29.8,37.7,28.3
Hugo_Sanchez,2581,00:01:47.500,61.8,28.9,34.7,28.5
Hugo_Sanchez,2582,00:01:47.541,57.1,30.0,32.0,28.5
Hugo_Sanchez,2583,00:01:47.583,49.0,30.1,29.9,28.3
Hugo_Sanchez,2584,00:01:47.625,39.0,29.9,28.7,27.9
Hugo_Sanchez,2585,00:01:47.666,28.1,26.6,28.6,27.5
Hugo_Sanchez,2586,00:01:47.708,19.4,26.8,29.4,26.9
Hugo_Sanchez,2587,00:01:47.750,16.0,26.8,31.1,26.4
Hugo_Sanchez,2588,00:01:47.791,16.8,28.1,33.2,26.0
Hugo_Sanchez,2589,00:01:47.833,18.4,28.3,35.6,25.7
Hugo_Sanchez,2590,00:01:47.875,19.1,28.6,37.8,25.6
Hugo_Sanchez,2591,00:01:47.916,17.3,28.9,39.6,25.7
Hugo_Sanchez,2592,00:01:47.958,17.5,27.5,41.0,26.0
Hugo_Sanchez,2593,00:01:48.000,24.6,27.7,42.0,26.4
Hugo_Sanchez,2594,00:01:48.041,26.0,27.9,42.5,26.8
Hugo_Sanchez,2595,00:01:48.083,25.4,28.0,42.7,27.2
Hugo_Sanchez,2596,00:01:48.125,24.2,28.1,42.6,27.6
Hugo_Sanchez,2597,00:01:48.166,23.1,28.0,42.0,27.8
Hugo_Sanchez,2598,00:01:48.208,21.9,28.2,41.1,27.8
Hugo_Sanchez,2599,00:01:48.250,20.6,28.5,39.6,27.7
Hugo_Sanchez,2600,00:01:48.291,19.2,28.6,37.5,27.4
Hugo_Sanchez,2601,00:01:48.333,17.4,29.1,35.0,27.0
Hugo_Sanchez,2602,00:01:48.375,17.4,28.9,32.0,26.6
Hugo_Sanchez,2603,00:01:48.416,21.9,28.5,28.8,26.2
Hugo_Sanchez,2604,00:01:48.458,28.1,28.3,25.8,26.0
Hugo_Sanchez,2605,00:01:48.500,32.4,28.2,23.0,26.0
Hugo_Sanchez,2606,00:01:48.541,32.9,28.2,20.7,26.2
Hugo_Sanchez,2607,00:01:48.583,30.1,28.3,19.0,26.6
Hugo_Sanchez,2608,00:01:48.625,25.3,28.4,17.9,27.2
Hugo_Sanchez,2609,00:01:48.666,20.1,28.4,17.3,28.1
Hugo_Sanchez,2610,00:01:48.708,15.7,28.7,17.1,29.1
Hugo_Sanchez,2611,00:01:48.750,12.7,29.0,17.3,30.1
Hugo_Sanchez,2612,00:01:48.791,11.7,29.3,17.6,31.1
Hugo_Sanchez,2613,00:01:48.833,12.6,28.5,17.9,32.2
Hugo_Sanchez,2614,00:01:48.875,13.9,28.9,18.4,33.2
Hugo_Sanchez,2615,00:01:48.916,14.8,29.9,18.8,34.1
Hugo_Sanchez,2616,00:01:48.958,17.5,29.9,19.2,35.0
Hugo_Sanchez,2617,00:01:49.000,25.3,29.6,19.6,35.8
Hugo_Sanchez,2618,00:01:49.041,28.4,29.7,19.9,36.6
Hugo_Sanchez,2619,00:01:49.083,29.6,29.9,20.2,37.3
Hugo_Sanchez,2620,00:01:49.125,30.6,29.7,20.5,37.9
Hugo_Sanchez,2621,00:01:49.166,30.8,30.2,20.7,38.4
Hugo_Sanchez,2622,00:01:49.208,29.8,30.1,20.9,38.8
Hugo_Sanchez,2623,00:01:49.250,28.2,30.2,21.1,39.0
Hugo_Sanchez,2624,00:01:49.291,26.5,30.9,21.2,39.1
Hugo_Sanchez,2625,00:01:49.333,24.9,31.2,21.3,39.1
Hugo_Sanchez,2626,00:01:49.375,23.8,30.9,21.4,39.0
Hugo_Sanchez,2627,00:01:49.416,23.4,31.3,21.6,38.8
Hugo_Sanchez,2628,00:01:49.458,23.5,31.2,21.7,38.5
Hugo_Sanchez,2629,00:01:49.500,24.3,30.6,21.8,38.2
Hugo_Sanchez,2630,00:01:49.541,25.5,31.1,21.8,37.8
Hugo_Sanchez,2631,00:01:49.583,27.3,31.4,21.9,37.4
Hugo_Sanchez,2632,00:01:49.625,30.0,31.3,21.8,37.0
Hugo_Sanchez,2633,00:01:49.666,33.7,31.3,21.6,36.7
Hugo_Sanchez,2634,00:01:49.708,38.5,31.3,21.4,36.4
Hugo_Sanchez,2635,00:01:49.750,43.5,31.7,21.1,36.3
Hugo_Sanchez,2636,00:01:49.791,47.8,31.8,20.6,36.2
Hugo_Sanchez,2637,00:01:49.833,51.6,32.0,20.1,36.3
Hugo_Sanchez,2638,00:01:49.875,55.5,32.3,19.5,36.5
Hugo_Sanchez,2639,00:01:49.916,58.3,32.4,18.8,36.7
Hugo_Sanchez,2640,00:01:49.958,59.7,32.6,18.1,36.9
Hugo_Sanchez,2641,00:01:50.000,61.5,32.0,17.2,37.1
Hugo_Sanchez,2642,00:01:50.041,61.9,31.9,16.4,37.0
Hugo_Sanchez,2643,00:01:50.083,61.9,32.3,15.4,36.8
Hugo_Sanchez,2644,00:01:50.125,62.0,31.2,14.5,36.4
Hugo_Sanchez,2645,00:01:50.166,61.8,31.4,13.5,35.7
Hugo_Sanchez,2646,00:01:50.208,61.0,31.2,12.5,34.9
Hugo_Sanchez,2647,00:01:50.250,60.4,31.6,11.4,33.9
Hugo_Sanchez,2648,00:01:50.291,60.5,30.6,10.2,32.8
Hugo_Sanchez,2649,00:01:50.333,61.0,30.4,9.1,31.6
Hugo_Sanchez,2650,00:01:50.375,62.0,29.4,7.9,30.5
Hugo_Sanchez,2651,00:01:50.416,63.3,26.6,6.9,29.5
Hugo_Sanchez,2652,00:01:50.458,64.0,25.8,6.1,28.6
Hugo_Sanchez,2653,00:01:50.500,63.9,25.3,5.5,28.0
Hugo_Sanchez,2654,00:01:50.541,62.5,24.3,5.2,27.5
Hugo_Sanchez,2655,00:01:50.583,60.1,24.8,5.1,27.3
Hugo_Sanchez,2656,00:01:50.625,57.5,24.7,5.1,27.4
Hugo_Sanchez,2657,00:01:50.666,54.4,24.2,5.2,27.6
Hugo_Sanchez,2658,00:01:50.708,51.4,24.3,5.3,28.1
Hugo_Sanchez,2659,00:01:50.750,49.5,23.3,5.5,28.6
Hugo_Sanchez,2660,00:01:50.791,49.6,23.6,5.6,29.1
Hugo_Sanchez,2661,00:01:50.833,51.2,22.7,5.7,29.5
Hugo_Sanchez,2662,00:01:50.875,53.6,23.1,5.9,29.7
Hugo_Sanchez,2663,00:01:50.916,54.6,22.8,6.3,29.8
Hugo_Sanchez,2664,00:01:50.958,50.9,22.8,6.8,29.7
Hugo_Sanchez,2665,00:01:51.000,44.1,22.2,7.4,29.6
Hugo_Sanchez,2666,00:01:51.041,44.2,22.5,8.3,29.4
Hugo_Sanchez,2667,00:01:51.083,44.6,22.5,9.3,29.2
Hugo_Sanchez,2668,00:01:51.125,49.2,22.5,10.5,29.1
Hugo_Sanchez,2669,00:01:51.166,55.4,22.0,12.0,29.0
Hugo_Sanchez,2670,00:01:51.208,60.0,22.4,13.7,29.1
Hugo_Sanchez,2671,00:01:51.250,63.0,22.7,15.5,29.4
Hugo_Sanchez,2672,00:01:51.291,64.4,22.7,17.6,29.7
Hugo_Sanchez,2673,00:01:51.333,64.9,22.5,19.9,30.2
Hugo_Sanchez,2674,00:01:51.375,65.0,23.0,22.2,30.9
Hugo_Sanchez,2675,00:01:51.416,64.5,22.8,24.7,31.7
Hugo_Sanchez,2676,00:01:51.458,64.4,23.4,27.2,32.6
Hugo_Sanchez,2677,00:01:51.500,66.8,23.2,29.8,33.6
Hugo_Sanchez,2678,00:01:51.541,71.0,24.1,32.3,34.6
Hugo_Sanchez,2679,00:01:51.583,74.5,23.6,34.6,35.6
Hugo_Sanchez,2680,00:01:51.625,76.5,24.7,36.8,36.4
Hugo_Sanchez,2681,00:01:51.666,77.2,25.1,38.7,37.0
Hugo_Sanchez,2682,00:01:51.708,77.5,25.6,40.3,37.4
Hugo_Sanchez,2683,00:01:51.750,77.8,24.7,41.6,37.5
Hugo_Sanchez,2684,00:01:51.791,77.9,25.9,42.6,37.5
Hugo_Sanchez,2685,00:01:51.833,77.6,26.3,43.4,37.4
Hugo_Sanchez,2686,00:01:51.875,77.0,25.0,44.1,37.1
Hugo_Sanchez,2687,00:01:51.916,74.0,26.4,44.8,36.9
Hugo_Sanchez,2688,00:01:51.958,69.4,25.1,45.6,36.7
Hugo_Sanchez,2689,00:01:52.000,68.0,25.3,46.6,36.5
Hugo_Sanchez,2690,00:01:52.041,67.7,27.2,47.7,36.3
Hugo_Sanchez,2691,00:01:52.083,67.4,27.3,48.9,36.0
Hugo_Sanchez,2692,00:01:52.125,67.7,27.6,50.2,35.7
Hugo_Sanchez,2693,00:01:52.166,68.8,28.1,51.3,35.4
Hugo_Sanchez,2694,00:01:52.208,68.7,28.1,52.2,35.0
Hugo_Sanchez,2695,00:01:52.250,68.1,28.7,52.9,34.6
Hugo_Sanchez,2696,00:01:52.291,67.6,28.8,53.2,34.2
Hugo_Sanchez,2697,00:01:52.333,67.7,29.3,53.3,33.8
Hugo_Sanchez,2698,00:01:52.375,68.1,26.4,53.2,33.5
Hugo_Sanchez,2699,00:01:52.416,68.4,29.2,52.9,33.3
Hugo_Sanchez,2700,00:01:52.458,68.2,26.9,52.6,33.1
Hugo_Sanchez,2701,00:01:52.500,67.2,27.1,52.3,32.9
Hugo_Sanchez,2702,00:01:52.541,65.0,29.8,52.1,32.8
Hugo_Sanchez,2703,00:01:52.583,60.9,27.2,52.0,32.6
Hugo_Sanchez,2704,00:01:52.625,53.7,30.5,51.9,32.5
Hugo_Sanchez,2705,00:01:52.666,47.7,31.3,51.9,32.4
Hugo_Sanchez,2706,00:01:52.708,50.8,31.4,51.8,32.4
Hugo_Sanchez,2707,00:01:52.750,59.5,32.4,51.7,32.4
Hugo_Sanchez,2708,00:01:52.791,68.3,32.5,51.5,32.5
Hugo_Sanchez,2709,00:01:52.833,75.2,33.2,51.1,32.7
Hugo_Sanchez,2710,00:01:52.875,79.7,30.7,50.7,32.9
Hugo_Sanchez,2711,00:01:52.916,81.5,33.2,50.3,33.0
Hugo_Sanchez,2712,00:01:52.958,80.9,31.4,50.0,33.1
Hugo_Sanchez,2713,00:01:53.000,79.8,31.7,49.7,33.1
Hugo_Sanchez,2714,00:01:53.041,79.7,35.2,49.6,32.9
Hugo_Sanchez,2715,00:01:53.083,79.5,35.3,49.6,32.6
Hugo_Sanchez,2716,00:01:53.125,79.4,35.5,49.8,32.1
Hugo_Sanchez,2717,00:01:53.166,79.0,32.7,49.9,31.5
Hugo_Sanchez,2718,00:01:53.208,78.2,36.2,49.9,30.9
Hugo_Sanchez,2719,00:01:53.250,78.5,32.9,49.8,30.3
Hugo_Sanchez,2720,00:01:53.291,79.8,36.5,49.4,30.0
Hugo_Sanchez,2721,00:01:53.333,81.3,36.9,48.6,29.9
Hugo_Sanchez,2722,00:01:53.375,82.8,36.9,47.4,30.3
Hugo_Sanchez,2723,00:01:53.416,83.5,33.5,45.6,31.1
Hugo_Sanchez,2724,00:01:53.458,83.0,36.5,43.5,32.5
Hugo_Sanchez,2725,00:01:53.500,81.4,33.4,41.0,34.5
Hugo_Sanchez,2726,00:01:53.541,78.3,36.9,38.4,36.9
Hugo_Sanchez,2727,00:01:53.583,73.2,36.9,35.8,39.7
Hugo_Sanchez,2728,00:01:53.625,65.4,29.5,33.4,42.7
Hugo_Sanchez,2729,00:01:53.666,55.3,29.7,31.4,45.8
Hugo_Sanchez,2730,00:01:53.708,44.5,29.9,29.8,48.7
Hugo_Sanchez,2731,00:01:53.750,35.6,30.1,28.7,51.4
Hugo_Sanchez,2732,00:01:53.791,29.8,30.2,27.9,53.7
Hugo_Sanchez,2733,00:01:53.833,26.2,30.6,27.4,55.6
Hugo_Sanchez,2734,00:01:53.875,23.9,30.7,27.1,57.2
Hugo_Sanchez,2735,00:01:53.916,22.6,30.8,26.9,58.4
Hugo_Sanchez,2736,00:01:53.958,25.1,30.9,26.7,59.3
Hugo_Sanchez,2737,00:01:54.000,33.5,30.3,26.5,59.9
Hugo_Sanchez,2738,00:01:54.041,35.2,30.5,26.3,60.4
Hugo_Sanchez,2739,00:01:54.083,35.9,30.8,26.2,60.7
Hugo_Sanchez,2740,00:01:54.125,36.0,30.9,26.1,60.9
Hugo_Sanchez,2741,00:01:54.166,35.2,30.7,26.0,61.0
Hugo_Sanchez,2742,00:01:54.208,33.6,30.6,25.9,61.1
Hugo_Sanchez,2743,00:01:54.250,32.1,30.7,25.8,61.0
Hugo_Sanchez,2744,00:01:54.291,31.3,30.7,25.6,61.0
Hugo_Sanchez,2745,00:01:54.333,30.9,30.5,25.5,60.9
Hugo_Sanchez,2746,00:01:54.375,30.5,30.6,25.4,60.7
Hugo_Sanchez,2747,00:01:54.416,30.6,30.7,25.2,60.6
Hugo_Sanchez,2748,00:01:54.458,31.3,30.8,25.0,60.5
Hugo_Sanchez,2749,00:01:54.500,32.8,30.8,24.8,60.4
Hugo_Sanchez,2750,00:01:54.541,35.1,30.8,24.6,60.2
Hugo_Sanchez,2751,00:01:54.583,38.3,30.6,24.5,60.0
Hugo_Sanchez,2752,00:01:54.625,41.8,30.5,24.4,59.7
Hugo_Sanchez,2753,00:01:54.666,45.2,30.2,24.5,59.2
Hugo_Sanchez,2754,00:01:54.708,48.8,30.4,24.6,58.8
Hugo_Sanchez,2755,00:01:54.750,52.3,30.6,25.0,58.2
Hugo_Sanchez,2756,00:01:54.791,56.2,30.7,25.6,57.6
Hugo_Sanchez,2757,00:01:54.833,60.9,30.5,26.3,57.1
Hugo_Sanchez,2758,00:01:54.875,66.0,30.6,27.1,56.7
Hugo_Sanchez,2759,00:01:54.916,68.6,30.5,27.8,56.4
Hugo_Sanchez,2760,00:01:54.958,67.7,30.6,28.5,56.2
Hugo_Sanchez,2761,00:01:55.000,67.1,30.1,28.9,56.1
Hugo_Sanchez,2762,00:01:55.041,67.7,30.1,29.1,56.1
Hugo_Sanchez,2763,00:01:55.083,68.8,30.3,28.9,56.1
Hugo_Sanchez,2764,00:01:55.125,70.5,30.4,28.5,56.2
Hugo_Sanchez,2765,00:01:55.166,72.0,29.9,27.8,56.2
Hugo_Sanchez,2766,00:01:55.208,72.3,30.2,27.0,56.1
Hugo_Sanchez,2767,00:01:55.250,71.4,30.4,26.1,55.9
Hugo_Sanchez,2768,00:01:55.291,69.7,30.4,25.2,55.6
Hugo_Sanchez,2769,00:01:55.333,67.3,30.5,24.6,55.3
Hugo_Sanchez,2770,00:01:55.375,64.4,30.6,24.1,54.8
Hugo_Sanchez,2771,00:01:55.416,61.6,30.9,23.9,54.4
Hugo_Sanchez,2772,00:01:55.458,59.9,31.1,24.0,53.9
Hugo_Sanchez,2773,00:01:55.500,60.0,31.2,24.2,53.5
Hugo_Sanchez,2774,00:01:55.541,60.5,31.3,24.5,52.9
Hugo_Sanchez,2775,00:01:55.583,60.6,31.4,24.9,52.2
Hugo_Sanchez,2776,00:01:55.625,60.1,31.1,25.2,51.4
Hugo_Sanchez,2777,00:01:55.666,58.4,31.1,25.4,50.2
Hugo_Sanchez,2778,00:01:55.708,55.5,31.2,25.4,48.8
Hugo_Sanchez,2779,00:01:55.750,52.0,31.0,25.3,47.1
Hugo_Sanchez,2780,00:01:55.791,48.4,30.9,25.0,45.2
Hugo_Sanchez,2781,00:01:55.833,45.4,30.8,24.7,43.2
Hugo_Sanchez,2782,00:01:55.875,42.9,30.9,24.4,41.3
Hugo_Sanchez,2783,00:01:55.916,38.5,30.6,24.0,39.5
Hugo_Sanchez,2784,00:01:55.958,33.8,30.4,23.7,37.8
Hugo_Sanchez,2785,00:01:56.000,33.7,30.3,23.4,36.5
Hugo_Sanchez,2786,00:01:56.041,35.9,30.1,23.2,35.3
Hugo_Sanchez,2787,00:01:56.083,36.1,30.1,23.1,34.5
Hugo_Sanchez,2788,00:01:56.125,36.6,30.0,23.0,34.0
Hugo_Sanchez,2789,00:01:56.166,38.1,29.6,23.0,33.8
Hugo_Sanchez,2790,00:01:56.208,39.7,29.5,23.0,33.9
Hugo_Sanchez,2791,00:01:56.250,42.8,29.5,23.1,34.3
Hugo_Sanchez,2792,00:01:56.291,47.3,29.5,23.3,35.0
Hugo_Sanchez,2793,00:01:56.333,51.4,29.5,23.6,36.0
Hugo_Sanchez,2794,00:01:56.375,53.9,29.5,24.0,37.3
Hugo_Sanchez,2795,00:01:56.416,54.7,29.6,24.4,38.6
Hugo_Sanchez,2796,00:01:56.458,53.1,29.8,24.9,40.1
Hugo_Sanchez,2797,00:01:56.500,48.7,30.0,25.5,41.5
Hugo_Sanchez,2798,00:01:56.541,42.6,30.1,26.2,43.0
Hugo_Sanchez,2799,00:01:56.583,37.0,30.1,26.9,44.3
Hugo_Sanchez,2800,00:01:56.625,32.5,30.0,27.8,45.7
Hugo_Sanchez,2801,00:01:56.666,29.7,30.1,28.8,47.2
Hugo_Sanchez,2802,00:01:56.708,28.2,30.2,30.2,49.0
Hugo_Sanchez,2803,00:01:56.750,27.3,30.3,31.9,51.1
Hugo_Sanchez,2804,00:01:56.791,26.5,30.4,33.9,53.7
Hugo_Sanchez,2805,00:01:56.833,26.0,30.4,36.3,56.6
Hugo_Sanchez,2806,00:01:56.875,26.0,30.5,39.0,59.8
Hugo_Sanchez,2807,00:01:56.916,25.8,30.6,41.8,63.1
Hugo_Sanchez,2808,00:01:56.958,25.1,30.7,44.6,66.2
Hugo_Sanchez,2809,00:01:57.000,25.3,35.2,47.0,69.1
Hugo_Sanchez,2810,00:01:57.041,25.4,35.1,49.1,71.5
Hugo_Sanchez,2811,00:01:57.083,25.1,35.2,50.8,73.5
Hugo_Sanchez,2812,00:01:57.125,24.9,35.0,51.9,74.9
Hugo_Sanchez,2813,00:01:57.166,24.4,35.1,52.7,76.0
Hugo_Sanchez,2814,00:01:57.208,23.6,35.1,53.1,76.8
Hugo_Sanchez,2815,00:01:57.250,24.1,35.2,53.3,77.5
Hugo_Sanchez,2816,00:01:57.291,25.2,35.1,53.4,78.0
Hugo_Sanchez,2817,00:01:57.333,27.0,35.3,53.5,78.4
Hugo_Sanchez,2818,00:01:57.375,29.1,35.0,53.5,78.7
Hugo_Sanchez,2819,00:01:57.416,31.4,35.0,53.6,79.0
Hugo_Sanchez,2820,00:01:57.458,33.5,35.0,53.6,79.2
Hugo_Sanchez,2821,00:01:57.500,35.6,35.0,53.7,79.4
Hugo_Sanchez,2822,00:01:57.541,37.6,35.2,53.8,79.4
Hugo_Sanchez,2823,00:01:57.583,39.3,36.8,53.8,79.4
Hugo_Sanchez,2824,00:01:57.625,40.7,37.6,53.8,79.3
Hugo_Sanchez,2825,00:01:57.666,41.3,38.3,53.7,79.1
Hugo_Sanchez,2826,00:01:57.708,41.0,38.2,53.5,78.9
Hugo_Sanchez,2827,00:01:57.750,39.8,38.5,53.2,78.7
Hugo_Sanchez,2828,00:01:57.791,38.1,38.3,52.9,78.5
Hugo_Sanchez,2829,00:01:57.833,36.5,37.9,52.5,78.3
Hugo_Sanchez,2830,00:01:57.875,34.3,35.4,52.1,78.3
Hugo_Sanchez,2831,00:01:57.916,29.8,34.5,51.7,78.4
Hugo_Sanchez,2832,00:01:57.958,30.0,34.1,51.4,78.6
Hugo_Sanchez,2833,00:01:58.000,40.3,34.8,51.1,78.8
Hugo_Sanchez,2834,00:01:58.041,42.7,35.1,51.0,79.2
Hugo_Sanchez,2835,00:01:58.083,42.6,35.9,50.9,79.4
Hugo_Sanchez,2836,00:01:58.125,39.8,36.9,51.0,79.6
Hugo_Sanchez,2837,00:01:58.166,35.5,38.0,51.1,79.7
Hugo_Sanchez,2838,00:01:58.208,29.3,38.1,51.3,79.5
Hugo_Sanchez,2839,00:01:58.250,24.9,38.5,51.5,79.2
Hugo_Sanchez,2840,00:01:58.291,25.9,38.8,51.8,78.8
Hugo_Sanchez,2841,00:01:58.333,28.4,39.3,52.0,78.3
Hugo_Sanchez,2842,00:01:58.375,30.4,39.2,52.1,77.7
Hugo_Sanchez,2843,00:01:58.416,31.7,38.8,52.3,77.1
Hugo_Sanchez,2844,00:01:58.458,32.8,38.2,52.5,76.5
Hugo_Sanchez,2845,00:01:58.500,34.0,37.9,52.6,76.0
Hugo_Sanchez,2846,00:01:58.541,34.9,37.5,52.8,75.5
Hugo_Sanchez,2847,00:01:58.583,35.4,37.6,52.9,75.1
Hugo_Sanchez,2848,00:01:58.625,34.8,37.8,53.0,74.9
Hugo_Sanchez,2849,00:01:58.666,32.9,38.6,53.1,74.8
Hugo_Sanchez,2850,00:01:58.708,30.1,38.5,53.1,74.8
Hugo_Sanchez,2851,00:01:58.750,28.6,38.8,53.1,74.9
Hugo_Sanchez,2852,00:01:58.791,29.4,38.6,53.1,75.2
Hugo_Sanchez,2853,00:01:58.833,31.4,39.3,53.0,75.5
Hugo_Sanchez,2854,00:01:58.875,33.2,39.6,53.0,75.9
Hugo_Sanchez,2855,00:01:58.916,32.7,40.0,53.0,76.2
Hugo_Sanchez,2856,00:01:58.958,28.0,39.9,53.0,76.6
Hugo_Sanchez,2857,00:01:59.000,21.6,40.3,53.1,76.9
Hugo_Sanchez,2858,00:01:59.041,20.3,40.2,53.2,77.2
Hugo_Sanchez,2859,00:01:59.083,20.6,40.6,53.4,77.5
Hugo_Sanchez,2860,00:01:59.125,21.3,40.5,53.6,77.8
Hugo_Sanchez,2861,00:01:59.166,22.0,40.8,53.8,78.0
Hugo_Sanchez,2862,00:01:59.208,22.4,40.8,54.1,78.1
Hugo_Sanchez,2863,00:01:59.250,22.6,40.9,54.4,78.1
Hugo_Sanchez,2864,00:01:59.291,22.7,40.8,54.7,78.0
Hugo_Sanchez,2865,00:01:59.333,22.6,40.0,55.0,77.8
Hugo_Sanchez,2866,00:01:59.375,22.7,38.9,55.3,77.5
Hugo_Sanchez,2867,00:01:59.416,22.8,39.4,55.5,77.2
Hugo_Sanchez,2868,00:01:59.458,22.8,39.7,55.7,76.8
Hugo_Sanchez,2869,00:01:59.500,22.7,40.1,55.8,76.4
Hugo_Sanchez,2870,00:01:59.541,23.0,40.0,55.8,76.0
Hugo_Sanchez,2871,00:01:59.583,22.5,40.3,55.7,75.7
Hugo_Sanchez,2872,00:01:59.625,20.5,40.2,55.4,75.4
Hugo_Sanchez,2873,00:01:59.666,17.4,41.2,55.1,75.1
Hugo_Sanchez,2874,00:01:59.708,14.7,41.3,54.8,74.9
Hugo_Sanchez,2875,00:01:59.750,13.5,41.6,54.3,74.7
Hugo_Sanchez,2876,00:01:59.791,13.7,41.3,53.9,74.5
Hugo_Sanchez,2877,00:01:59.833,14.7,41.5,53.5,74.3
Hugo_Sanchez,2878,00:01:59.875,15.7,41.2,53.2,74.2
Hugo_Sanchez,2879,00:01:59.916,15.9,41.4,52.9,73.9
Hugo_Sanchez,2880,00:01:59.958,15.3,41.5,52.7,73.6
Hugo_Sanchez,2881,00:02:00.000,12.4,44.4,52.5,73.2
Hugo_Sanchez,2882,00:02:00.041,12.8,43.8,52.4,72.7
Hugo_Sanchez,2883,00:02:00.083,14.3,43.7,52.2,72.2
Hugo_Sanchez,2884,00:02:00.125,17.3,43.5,52.0,71.6
Hugo_Sanchez,2885,00:02:00.166,20.9,43.8,51.9,71.2
Hugo_Sanchez,2886,00:02:00.208,24.9,43.4,51.8,70.9
Hugo_Sanchez,2887,00:02:00.250,28.6,43.5,51.8,70.8
Hugo_Sanchez,2888,00:02:00.291,30.9,43.4,51.8,70.9
Hugo_Sanchez,2889,00:02:00.333,31.7,43.9,51.9,71.1
Hugo_Sanchez,2890,00:02:00.375,31.2,43.3,52.0,71.5
Hugo_Sanchez,2891,00:02:00.416,28.8,43.1,52.1,72.0
Hugo_Sanchez,2892,00:02:00.458,24.9,43.0,52.3,72.5
Hugo_Sanchez,2893,00:02:00.500,20.7,43.3,52.5,73.0
Hugo_Sanchez,2894,00:02:00.541,17.2,42.7,52.7,73.5
Hugo_Sanchez,2895,00:02:00.583,15.2,43.0,52.9,73.9
Hugo_Sanchez,2896,00:02:00.625,14.5,42.2,53.1,74.2
Hugo_Sanchez,2897,00:02:00.666,14.6,42.2,53.3,74.5
Hugo_Sanchez,2898,00:02:00.708,15.4,42.2,53.5,74.7
Hugo_Sanchez,2899,00:02:00.750,16.4,42.7,53.8,74.8
Hugo_Sanchez,2900,00:02:00.791,17.2,42.8,54.0,74.9
Hugo_Sanchez,2901,00:02:00.833,18.1,43.2,54.1,75.0
Hugo_Sanchez,2902,00:02:00.875,18.7,43.2,54.3,75.1
Hugo_Sanchez,2903,00:02:00.916,17.7,43.3,54.4,75.1
Hugo_Sanchez,2904,00:02:00.958,16.1,43.2,54.5,75.2
Hugo_Sanchez,2905,00:02:01.000,16.4,43.5,54.6,75.4
Hugo_Sanchez,2906,00:02:01.041,16.7,43.3,54.8,75.6
Hugo_Sanchez,2907,00:02:01.083,17.9,43.4,55.0,75.8
Hugo_Sanchez,2908,00:02:01.125,19.5,43.4,55.2,76.0
Hugo_Sanchez,2909,00:02:01.166,21.0,43.5,55.5,76.2
Hugo_Sanchez,2910,00:02:01.208,21.9,42.2,55.8,76.3
Hugo_Sanchez,2911,00:02:01.250,22.7,42.4,56.1,76.3
Hugo_Sanchez,2912,00:02:01.291,23.1,40.5,56.4,76.2
Hugo_Sanchez,2913,00:02:01.333,23.4,39.1,56.6,75.9
Hugo_Sanchez,2914,00:02:01.375,23.4,37.9,56.8,75.4
Hugo_Sanchez,2915,00:02:01.416,23.5,37.8,56.8,74.9
Hugo_Sanchez,2916,00:02:01.458,23.6,37.7,56.7,74.3
Hugo_Sanchez,2917,00:02:01.500,24.5,37.5,56.6,73.6
Hugo_Sanchez,2918,00:02:01.541,26.1,37.1,56.3,73.0
Hugo_Sanchez,2919,00:02:01.583,27.1,36.3,56.1,72.4
Hugo_Sanchez,2920,00:02:01.625,27.3,35.9,55.9,71.9
Hugo_Sanchez,2921,00:02:01.666,26.2,36.6,55.8,71.5
Hugo_Sanchez,2922,00:02:01.708,23.2,37.4,55.8,71.3
Hugo_Sanchez,2923,00:02:01.750,21.5,37.8,55.9,71.2
Hugo_Sanchez,2924,00:02:01.791,22.7,37.8,56.1,71.3
Hugo_Sanchez,2925,00:02:01.833,25.1,38.3,56.4,71.6
Hugo_Sanchez,2926,00:02:01.875,28.9,38.2,56.8,72.0
Hugo_Sanchez,2927,00:02:01.916,33.4,38.0,57.2,72.6
Hugo_Sanchez,2928,00:02:01.958,28.1,37.0,57.7,73.3
Hugo_Sanchez,2929,00:02:02.000,16.2,37.3,58.2,74.0
Hugo_Sanchez,2930,00:02:02.041,14.0,37.5,58.6,74.8
Hugo_Sanchez,2931,00:02:02.083,12.8,38.5,59.0,75.5
Hugo_Sanchez,2932,00:02:02.125,11.9,40.0,59.2,76.0
Hugo_Sanchez,2933,00:02:02.166,10.8,41.0,59.3,76.5
Hugo_Sanchez,2934,00:02:02.208,9.5,41.2,59.2,76.8
Hugo_Sanchez,2935,00:02:02.250,8.2,41.9,59.0,77.0
Hugo_Sanchez,2936,00:02:02.291,7.2,41.8,58.4,77.1
Hugo_Sanchez,2937,00:02:02.333,6.5,42.2,57.7,77.1
Hugo_Sanchez,2938,00:02:02.375,6.2,42.2,56.8,77.0
Hugo_Sanchez,2939,00:02:02.416,7.1,42.3,55.8,76.9
Hugo_Sanchez,2940,00:02:02.458,10.4,42.1,54.8,76.8
Hugo_Sanchez,2941,00:02:02.500,16.8,46.8,53.8,76.7
Hugo_Sanchez,2942,00:02:02.541,25.3,46.7,53.0,76.6
Hugo_Sanchez,2943,00:02:02.583,33.2,46.7,52.3,76.5
Hugo_Sanchez,2944,00:02:02.625,38.0,46.8,51.8,76.3
Hugo_Sanchez,2945,00:02:02.666,39.8,47.0,51.5,76.3
Hugo_Sanchez,2946,00:02:02.708,39.6,46.9,51.3,76.2
Hugo_Sanchez,2947,00:02:02.750,38.9,46.9,51.2,76.2
Hugo_Sanchez,2948,00:02:02.791,38.5,46.8,51.1,76.2
Hugo_Sanchez,2949,00:02:02.833,39.2,47.1,51.1,76.2
Hugo_Sanchez,2950,00:02:02.875,42.3,47.0,51.1,76.2
Hugo_Sanchez,2951,00:02:02.916,49.5,47.1,51.0,76.2
Hugo_Sanchez,2952,00:02:02.958,54.5,47.1,51.0,76.3
Hugo_Sanchez,2953,00:02:03.000,53.2,47.3,51.0,76.3
Hugo_Sanchez,2954,00:02:03.041,56.8,47.2,50.9,76.4
Hugo_Sanchez,2955,00:02:03.083,58.5,47.2,50.9,76.4
Hugo_Sanchez,2956,00:02:03.125,55.5,47.0,50.8,76.4
Hugo_Sanchez,2957,00:02:03.166,50.3,47.2,50.9,76.4
Hugo_Sanchez,2958,00:02:03.208,45.6,47.0,50.9,76.4
Hugo_Sanchez,2959,00:02:03.250,42.5,47.1,51.0,76.4
Hugo_Sanchez,2960,00:02:03.291,40.9,47.0,51.1,76.5
Hugo_Sanchez,2961,00:02:03.333,40.1,47.3,51.1,76.5
Hugo_Sanchez,2962,00:02:03.375,39.7,47.4,51.2,76.5
Hugo_Sanchez,2963,00:02:03.416,39.3,47.5,51.3,76.6
Hugo_Sanchez,2964,00:02:03.458,38.8,47.5,51.3,76.7
Hugo_Sanchez,2965,00:02:03.500,38.3,47.7,51.2,76.8
Hugo_Sanchez,2966,00:02:03.541,37.6,47.4,51.2,76.9
Hugo_Sanchez,2967,00:02:03.583,37.1,47.5,51.0,76.9
Hugo_Sanchez,2968,00:02:03.625,36.8,47.4,50.9,77.0
Hugo_Sanchez,2969,00:02:03.666,36.9,47.9,50.8,77.0
Hugo_Sanchez,2970,00:02:03.708,37.4,47.9,50.6,77.1
Hugo_Sanchez,2971,00:02:03.750,38.3,48.1,50.6,77.1
Hugo_Sanchez,2972,00:02:03.791,39.6,48.1,50.5,77.1
Hugo_Sanchez,2973,00:02:03.833,41.7,48.5,50.6,77.2
Hugo_Sanchez,2974,00:02:03.875,45.5,48.4,50.7,77.2
Hugo_Sanchez,2975,00:02:03.916,52.2,48.5,50.8,77.3
Hugo_Sanchez,2976,00:02:03.958,58.5,48.4,51.0,77.4
Hugo_Sanchez,2977,00:02:04.000,62.1,48.8,51.2,77.5
Hugo_Sanchez,2978,00:02:04.041,66.3,48.7,51.3,77.5
Hugo_Sanchez,2979,00:02:04.083,67.7,48.7,51.4,77.6
Hugo_Sanchez,2980,00:02:04.125,65.0,48.7,51.5,77.6
Hugo_Sanchez,2981,00:02:04.166,59.7,48.9,51.5,77.7
Hugo_Sanchez,2982,00:02:04.208,54.5,48.7,51.4,77.6
Hugo_Sanchez,2983,00:02:04.250,51.0,48.8,51.3,77.6
Hugo_Sanchez,2984,00:02:04.291,49.4,48.7,51.2,77.5
Hugo_Sanchez,2985,00:02:04.333,48.9,49.0,51.0,77.4
Hugo_Sanchez,2986,00:02:04.375,49.1,48.8,51.0,77.2
Hugo_Sanchez,2987,00:02:04.416,49.6,48.8,50.9,77.0
Hugo_Sanchez,2988,00:02:04.458,50.3,48.7,51.0,76.8
Hugo_Sanchez,2989,00:02:04.500,51.3,49.0,51.1,76.6
Hugo_Sanchez,2990,00:02:04.541,52.4,49.0,51.2,76.3
Hugo_Sanchez,2991,00:02:04.583,53.8,49.0,51.4,76.0
Hugo_Sanchez,2992,00:02:04.625,54.9,49.0,51.5,75.8
Hugo_Sanchez,2993,00:02:04.666,55.5,49.1,51.6,75.5
Hugo_Sanchez,2994,00:02:04.708,55.9,49.0,51.6,75.3
Hugo_Sanchez,2995,00:02:04.750,55.5,49.0,51.6,75.2
Hugo_Sanchez,2996,00:02:04.791,55.2,48.9,51.5,75.0
Hugo_Sanchez,2997,00:02:04.833,55.9,49.0,51.5,75.0
Hugo_Sanchez,2998,00:02:04.875,58.7,48.8,51.4,74.9
Hugo_Sanchez,2999,00:02:04.916,63.9,48.8,51.4,74.9
Hugo_Sanchez,3000,00:02:04.958,67.3,48.9,51.4,74.9
Hugo_Sanchez,3001,00:02:05.000,67.6,49.6,51.5,75.0
Hugo_Sanchez,3002,00:02:05.041,69.6,49.5,51.7,75.0
Hugo_Sanchez,3003,00:02:05.083,71.0,49.5,51.9,75.0
Hugo_Sanchez,3004,00:02:05.125,69.7,49.3,52.2,75.0
Hugo_Sanchez,3005,00:02:05.166,66.0,49.7,52.4,75.0
Hugo_Sanchez,3006,00:02:05.208,61.5,49.6,52.6,74.9
Hugo_Sanchez,3007,00:02:05.250,57.7,49.6,52.8,74.9
Hugo_Sanchez,3008,00:02:05.291,54.9,49.4,52.9,74.8
Hugo_Sanchez,3009,00:02:05.333,52.9,49.6,53.0,74.7
Hugo_Sanchez,3010,00:02:05.375,51.6,49.4,52.9,74.7
Hugo_Sanchez,3011,00:02:05.416,51.1,49.4,52.9,74.6
Hugo_Sanchez,3012,00:02:05.458,51.2,49.1,52.7,74.6
Hugo_Sanchez,3013,00:02:05.500,51.6,49.6,52.6,74.6
Hugo_Sanchez,3014,00:02:05.541,52.3,49.4,52.5,74.7
Hugo_Sanchez,3015,00:02:05.583,52.9,49.6,52.3,74.8
Hugo_Sanchez,3016,00:02:05.625,53.4,49.4,52.2,75.0
Hugo_Sanchez,3017,00:02:05.666,53.5,49.8,52.0,75.2
Hugo_Sanchez,3018,00:02:05.708,53.3,49.7,51.9,75.4
Hugo_Sanchez,3019,00:02:05.750,52.7,49.8,51.8,75.5
Hugo_Sanchez,3020,00:02:05.791,52.4,49.5,51.7,75.7
Hugo_Sanchez,3021,00:02:05.833,53.0,49.8,51.7,75.7
Hugo_Sanchez,3022,00:02:05.875,55.8,49.5,51.7,75.8
Hugo_Sanchez,3023,00:02:05.916,61.2,49.6,51.7,75.7
Hugo_Sanchez,3024,00:02:05.958,63.5,49.5,51.7,75.6
Hugo_Sanchez,3025,00:02:06.000,60.5,48.8,51.8,75.5
Hugo_Sanchez,3026,00:02:06.041,62.9,48.5,51.9,75.3
Hugo_Sanchez,3027,00:02:06.083,64.3,48.5,51.9,75.2
Hugo_Sanchez,3028,00:02:06.125,61.7,48.5,52.0,75.0
Hugo_Sanchez,3029,00:02:06.166,56.8,48.8,52.0,74.8
Hugo_Sanchez,3030,00:02:06.208,52.0,48.7,52.0,74.7
Hugo_Sanchez,3031,00:02:06.250,48.9,48.7,52.0,74.6
Hugo_Sanchez,3032,00:02:06.291,47.4,48.7,52.0,74.6
Hugo_Sanchez,3033,00:02:06.333,47.1,49.1,52.0,74.6
Hugo_Sanchez,3034,00:02:06.375,47.5,48.9,52.0,74.6
Hugo_Sanchez,3035,00:02:06.416,48.3,48.9,52.0,74.7
Hugo_Sanchez,3036,00:02:06.458,49.2,48.8,52.0,74.7
Hugo_Sanchez,3037,00:02:06.500,50.0,49.1,51.9,74.8
Hugo_Sanchez,3038,00:02:06.541,50.4,49.0,51.9,74.9
Hugo_Sanchez,3039,00:02:06.583,50.5,49.0,51.8,75.0
Hugo_Sanchez,3040,00:02:06.625,50.2,48.8,51.8,75.1
Hugo_Sanchez,3041,00:02:06.666,49.4,49.1,51.7,75.2
Hugo_Sanchez,3042,00:02:06.708,48.0,48.9,51.7,75.2
Hugo_Sanchez,3043,00:02:06.750,46.5,49.0,51.6,75.3
Hugo_Sanchez,3044,00:02:06.791,45.7,48.9,51.6,75.4
Hugo_Sanchez,3045,00:02:06.833,46.2,49.3,51.6,75.5
Hugo_Sanchez,3046,00:02:06.875,49.3,49.1,51.7,75.6
Hugo_Sanchez,3047,00:02:06.916,55.9,49.1,51.7,75.7
Hugo_Sanchez,3048,00:02:06.958,58.3,49.0,51.8,75.9
Hugo_Sanchez,3049,00:02:07.000,53.7,49.4,51.9,76.1
Hugo_Sanchez,3050,00:02:07.041,55.7,49.1,51.9,76.3
Hugo_Sanchez,3051,00:02:07.083,56.8,49.2,52.0,76.5
Hugo_Sanchez,3052,00:02:07.125,53.9,49.1,52.1,76.7
Hugo_Sanchez,3053,00:02:07.166,48.2,49.6,52.2,76.9
Hugo_Sanchez,3054,00:02:07.208,42.4,49.4,52.3,77.1
Hugo_Sanchez,3055,00:02:07.250,38.4,49.5,52.4,77.2
Hugo_Sanchez,3056,00:02:07.291,36.2,49.5,52.4,77.3
Hugo_Sanchez,3057,00:02:07.333,35.3,49.9,52.5,77.3
Hugo_Sanchez,3058,00:02:07.375,34.9,49.8,52.5,77.3
Hugo_Sanchez,3059,00:02:07.416,34.8,49.7,52.5,77.4
Hugo_Sanchez,3060,00:02:07.458,34.7,49.7,52.5,77.4
Hugo_Sanchez,3061,00:02:07.500,34.6,49.9,52.5,77.4
Hugo_Sanchez,3062,00:02:07.541,34.4,49.6,52.4,77.4
Hugo_Sanchez,3063,00:02:07.583,34.2,49.6,52.4,77.5
Hugo_Sanchez,3064,00:02:07.625,34.0,49.5,52.3,77.5
Hugo_Sanchez,3065,00:02:07.666,33.9,49.8,52.3,77.5
Hugo_Sanchez,3066,00:02:07.708,33.7,49.8,52.2,77.6
Hugo_Sanchez,3067,00:02:07.750,33.6,49.8,52.2,77.6
Hugo_Sanchez,3068,00:02:07.791,34.1,49.8,52.1,77.7
Hugo_Sanchez,3069,00:02:07.833,35.6,50.0,52.0,77.7
Hugo_Sanchez,3070,00:02:07.875,39.2,49.9,52.0,77.8
Hugo_Sanchez,3071,00:02:07.916,46.1,49.9,52.0,77.8
Hugo_Sanchez,3072,00:02:07.958,51.1,49.9,52.0,77.9
Hugo_Sanchez,3073,00:02:08.000,50.5,50.1,52.0,78.0
Hugo_Sanchez,3074,00:02:08.041,53.4,50.1,52.0,78.0
Hugo_Sanchez,3075,00:02:08.083,55.5,50.2,52.0,78.1
Hugo_Sanchez,3076,00:02:08.125,53.1,50.2,52.1,78.1
Hugo_Sanchez,3077,00:02:08.166,48.3,50.3,52.1,78.1
Hugo_Sanchez,3078,00:02:08.208,43.9,50.3,52.1,78.1
Hugo_Sanchez,3079,00:02:08.250,41.0,50.3,52.1,78.1
Hugo_Sanchez,3080,00:02:08.291,39.6,50.3,52.1,78.2
Hugo_Sanchez,3081,00:02:08.333,38.9,50.4,52.1,78.2
Hugo_Sanchez,3082,00:02:08.375,38.4,50.4,52.1,78.2
Hugo_Sanchez,3083,00:02:08.416,38.0,50.4,52.1,78.3
Hugo_Sanchez,3084,00:02:08.458,37.7,50.4,52.2,78.4
Hugo_Sanchez,3085,00:02:08.500,37.3,50.5,52.2,78.4
Hugo_Sanchez,3086,00:02:08.541,36.8,50.2,52.3,78.5
Hugo_Sanchez,3087,00:02:08.583,36.3,50.2,52.4,78.6
Hugo_Sanchez,3088,00:02:08.625,35.7,50.2,52.5,78.6
Hugo_Sanchez,3089,00:02:08.666,34.8,50.4,52.6,78.7
Hugo_Sanchez,3090,00:02:08.708,33.6,50.3,52.7,78.7
Hugo_Sanchez,3091,00:02:08.750,32.4,50.3,52.8,78.7
Hugo_Sanchez,3092,00:02:08.791,31.9,50.3,52.9,78.7
Hugo_Sanchez,3093,00:02:08.833,32.5,50.5,53.0,78.6
Hugo_Sanchez,3094,00:02:08.875,35.5,50.5,53.0,78.6
Hugo_Sanchez,3095,00:02:08.916,42.1,50.5,53.1,78.5
Hugo_Sanchez,3096,00:02:08.958,48.6,50.5,53.1,78.4
Hugo_Sanchez,3097,00:02:09.000,51.8,48.9,53.1,78.3
Hugo_Sanchez,3098,00:02:09.041,55.7,48.9,53.1,78.2
Hugo_Sanchez,3099,00:02:09.083,56.8,48.9,53.0,78.2
Hugo_Sanchez,3100,00:02:09.125,52.8,49.0,53.0,78.1
Hugo_Sanchez,3101,00:02:09.166,46.5,49.0,52.9,78.0
Hugo_Sanchez,3102,00:02:09.208,40.9,49.1,52.9,78.0
Hugo_Sanchez,3103,00:02:09.250,37.5,49.1,52.8,78.0
Hugo_Sanchez,3104,00:02:09.291,35.9,49.1,52.7,78.0
Hugo_Sanchez,3105,00:02:09.333,35.3,49.2,52.7,77.9
Hugo_Sanchez,3106,00:02:09.375,35.2,49.2,52.6,77.9
Hugo_Sanchez,3107,00:02:09.416,35.2,49.3,52.5,78.0
Hugo_Sanchez,3108,00:02:09.458,35.2,49.3,52.5,78.0
Hugo_Sanchez,3109,00:02:09.500,35.1,49.3,52.4,78.0
Hugo_Sanchez,3110,00:02:09.541,35.1,49.3,52.4,78.0
Hugo_Sanchez,3111,00:02:09.583,35.1,49.3,52.4,78.1
Hugo_Sanchez,3112,00:02:09.625,34.9,49.3,52.4,78.1
Hugo_Sanchez,3113,00:02:09.666,34.4,49.4,52.3,78.1
Hugo_Sanchez,3114,00:02:09.708,33.6,49.3,52.3,78.1
Hugo_Sanchez,3115,00:02:09.750,32.7,49.3,52.3,78.0
Hugo_Sanchez,3116,00:02:09.791,32.3,49.3,52.3,77.9
Hugo_Sanchez,3117,00:02:09.833,33.0,49.4,52.2,77.8
Hugo_Sanchez,3118,00:02:09.875,36.1,49.3,52.1,77.6
Hugo_Sanchez,3119,00:02:09.916,43.2,49.3,52.0,77.4
Hugo_Sanchez,3120,00:02:09.958,48.4,49.3,51.8,77.2
Hugo_Sanchez,3121,00:02:10.000,47.9,49.1,51.6,77.0
Hugo_Sanchez,3122,00:02:10.041,51.8,48.8,51.4,76.8
Hugo_Sanchez,3123,00:02:10.083,53.0,48.6,51.1,76.6
Hugo_Sanchez,3124,00:02:10.125,48.7,47.6,50.9,76.4
Hugo_Sanchez,3125,00:02:10.166,42.1,47.6,50.7,76.3
Hugo_Sanchez,3126,00:02:10.208,36.5,46.6,50.5,76.1
Hugo_Sanchez,3127,00:02:10.250,33.5,45.9,50.2,75.8
Hugo_Sanchez,3128,00:02:10.291,32.8,45.0,49.8,75.2
Hugo_Sanchez,3129,00:02:10.333,33.7,44.5,49.1,74.1
Hugo_Sanchez,3130,00:02:10.375,35.7,43.6,48.0,72.3
Hugo_Sanchez,3131,00:02:10.416,38.1,43.0,46.2,69.6
Hugo_Sanchez,3132,00:02:10.458,40.7,42.3,43.8,66.0
Hugo_Sanchez,3133,00:02:10.500,43.3,42.0,40.7,61.6
Hugo_Sanchez,3134,00:02:10.541,46.0,41.5,37.2,56.4
Hugo_Sanchez,3135,00:02:10.583,48.5,27.2,33.5,51.0
Hugo_Sanchez,3136,00:02:10.625,50.3,27.5,30.0,45.6
Hugo_Sanchez,3137,00:02:10.666,50.7,27.7,26.9,40.7
Hugo_Sanchez,3138,00:02:10.708,48.6,28.2,24.5,36.7
Hugo_Sanchez,3139,00:02:10.750,44.0,28.3,22.9,33.8
Hugo_Sanchez,3140,00:02:10.791,38.5,28.5,22.0,31.9
Hugo_Sanchez,3141,00:02:10.833,34.0,28.5,21.7,31.0
Hugo_Sanchez,3142,00:02:10.875,33.7,28.7,21.9,31.0
Hugo_Sanchez,3143,00:02:10.916,38.7,28.9,22.3,31.6
Hugo_Sanchez,3144,00:02:10.958,42.6,29.0,22.8,32.7
Hugo_Sanchez,3145,00:02:11.000,43.9,29.1,23.3,33.9
Hugo_Sanchez,3146,00:02:11.041,44.4,29.5,23.7,35.3
Hugo_Sanchez,3147,00:02:11.083,42.8,29.8,23.9,36.6
Hugo_Sanchez,3148,00:02:11.125,39.3,29.9,24.1,37.9
Hugo_Sanchez,3149,00:02:11.166,34.1,30.0,24.1,39.0
Hugo_Sanchez,3150,00:02:11.208,28.7,30.2,24.0,40.0
Hugo_Sanchez,3151,00:02:11.250,27.2,29.8,23.7,40.8
Hugo_Sanchez,3152,00:02:11.291,31.7,29.9,23.2,41.4
Hugo_Sanchez,3153,00:02:11.333,37.4,29.6,22.5,41.9
Hugo_Sanchez,3154,00:02:11.375,42.0,29.7,21.6,42.2
Hugo_Sanchez,3155,00:02:11.416,44.6,29.1,20.6,42.5
Hugo_Sanchez,3156,00:02:11.458,45.5,28.7,19.6,42.7
Hugo_Sanchez,3157,00:02:11.500,46.4,28.4,18.9,43.0
Hugo_Sanchez,3158,00:02:11.541,46.9,28.9,18.5,43.4
Hugo_Sanchez,3159,00:02:11.583,47.8,28.6,18.7,44.0
Hugo_Sanchez,3160,00:02:11.625,47.9,28.8,19.5,44.8
Hugo_Sanchez,3161,00:02:11.666,47.0,28.8,20.9,45.8
Hugo_Sanchez,3162,00:02:11.708,45.3,29.1,22.9,46.9
Hugo_Sanchez,3163,00:02:11.750,43.6,27.9,25.2,48.1
Hugo_Sanchez,3164,00:02:11.791,43.6,28.5,27.8,49.2
Hugo_Sanchez,3165,00:02:11.833,46.2,28.2,30.2,50.2
Hugo_Sanchez,3166,00:02:11.875,48.7,28.2,32.5,51.0
Hugo_Sanchez,3167,00:02:11.916,49.4,28.1,34.5,51.5
Hugo_Sanchez,3168,00:02:11.958,52.9,29.0,36.2,51.9
Hugo_Sanchez,3169,00:02:12.000,62.5,29.2,37.5,52.0
Hugo_Sanchez,3170,00:02:12.041,66.1,29.9,38.5,52.0
Hugo_Sanchez,3171,00:02:12.083,68.8,29.9,39.0,51.9
Hugo_Sanchez,3172,00:02:12.125,70.8,30.0,39.0,51.7
Hugo_Sanchez,3173,00:02:12.166,71.4,30.3,38.6,51.4
Hugo_Sanchez,3174,00:02:12.208,70.1,30.7,37.6,51.0
Hugo_Sanchez,3175,00:02:12.250,65.9,30.3,36.1,50.5
Hugo_Sanchez,3176,00:02:12.291,58.9,29.7,34.4,49.8
Hugo_Sanchez,3177,00:02:12.333,50.6,28.9,32.4,48.9
Hugo_Sanchez,3178,00:02:12.375,42.6,28.2,30.5,48.0
Hugo_Sanchez,3179,00:02:12.416,37.2,27.4,28.9,47.1
Hugo_Sanchez,3180,00:02:12.458,34.7,26.7,27.7,46.2
Hugo_Sanchez,3181,00:02:12.500,34.4,26.6,27.2,45.5
Hugo_Sanchez,3182,00:02:12.541,36.2,26.9,27.3,44.9
Hugo_Sanchez,3183,00:02:12.583,40.1,26.6,27.9,44.3
Hugo_Sanchez,3184,00:02:12.625,45.1,26.5,29.1,43.8
Hugo_Sanchez,3185,00:02:12.666,48.8,26.6,30.5,43.2
Hugo_Sanchez,3186,00:02:12.708,49.1,27.1,31.8,42.5
Hugo_Sanchez,3187,00:02:12.750,46.0,27.4,32.7,41.6
Hugo_Sanchez,3188,00:02:12.791,40.9,27.3,33.0,40.6
Hugo_Sanchez,3189,00:02:12.833,35.9,27.1,32.7,39.6
Hugo_Sanchez,3190,00:02:12.875,29.9,27.0,31.6,38.8
Hugo_Sanchez,3191,00:02:12.916,23.4,27.1,30.0,38.3
Hugo_Sanchez,3192,00:02:12.958,28.8,25.9,28.1,38.3
Hugo_Sanchez,3193,00:02:13.000,60.3,25.5,26.1,38.8
Hugo_Sanchez,3194,00:02:13.041,69.9,25.6,24.4,39.9
Hugo_Sanchez,3195,00:02:13.083,72.8,25.8,23.0,41.5
Hugo_Sanchez,3196,00:02:13.125,73.5,26.2,22.1,43.4
Hugo_Sanchez,3197,00:02:13.166,72.6,26.4,21.6,45.2
Hugo_Sanchez,3198,00:02:13.208,69.9,26.9,21.4,46.8
Hugo_Sanchez,3199,00:02:13.250,66.3,27.5,21.4,47.7
Hugo_Sanchez,3200,00:02:13.291,62.9,27.0,21.4,47.9
Hugo_Sanchez,3201,00:02:13.333,60.3,26.5,21.5,47.1
Hugo_Sanchez,3202,00:02:13.375,58.6,26.1,21.5,45.5
Hugo_Sanchez,3203,00:02:13.416,57.5,25.9,21.7,43.3
Hugo_Sanchez,3204,00:02:13.458,56.4,24.7,22.1,40.6
Hugo_Sanchez,3205,00:02:13.500,54.4,24.2,22.8,37.9
Hugo_Sanchez,3206,00:02:13.541,51.3,24.0,24.0,35.3
Hugo_Sanchez,3207,00:02:13.583,49.3,23.5,25.5,33.2
Hugo_Sanchez,3208,00:02:13.625,51.0,22.9,27.3,31.5
Hugo_Sanchez,3209,00:02:13.666,55.5,22.5,29.4,30.4
Hugo_Sanchez,3210,00:02:13.708,60.8,22.8,31.4,29.8
Hugo_Sanchez,3211,00:02:13.750,65.6,22.7,33.3,29.6
Hugo_Sanchez,3212,00:02:13.791,69.1,22.8,34.9,29.6
Hugo_Sanchez,3213,00:02:13.833,71.8,22.7,36.2,29.7
Hugo_Sanchez,3214,00:02:13.875,73.5,23.3,37.0,29.9
Hugo_Sanchez,3215,00:02:13.916,73.0,23.4,37.4,30.0
Hugo_Sanchez,3216,00:02:13.958,73.8,23.7,37.3,30.1
Hugo_Sanchez,3217,00:02:14.000,79.3,23.6,36.9,30.0
Hugo_Sanchez,3218,00:02:14.041,81.2,24.0,36.1,29.8
Hugo_Sanchez,3219,00:02:14.083,81.7,24.1,35.0,29.7
Hugo_Sanchez,3220,00:02:14.125,81.5,25.2,33.8,29.8
Hugo_Sanchez,3221,00:02:14.166,80.9,25.5,32.5,30.1
Hugo_Sanchez,3222,00:02:14.208,80.3,26.4,31.2,30.9
Hugo_Sanchez,3223,00:02:14.250,79.7,26.6,30.2,32.2
Hugo_Sanchez,3224,00:02:14.291,77.7,27.6,29.4,34.0
Hugo_Sanchez,3225,00:02:14.333,75.0,28.5,28.9,36.3
Hugo_Sanchez,3226,00:02:14.375,70.7,29.2,28.9,38.8
Hugo_Sanchez,3227,00:02:14.416,64.2,29.6,29.3,41.5
Hugo_Sanchez,3228,00:02:14.458,55.7,29.2,30.1,44.1
Hugo_Sanchez,3229,00:02:14.500,45.8,28.8,31.4,46.7
Hugo_Sanchez,3230,00:02:14.541,36.0,28.9,33.0,49.2
Hugo_Sanchez,3231,00:02:14.583,29.0,29.1,34.9,51.7
Hugo_Sanchez,3232,00:02:14.625,23.1,28.9,37.0,54.1
Hugo_Sanchez,3233,00:02:14.666,19.6,28.8,39.1,56.6
Hugo_Sanchez,3234,00:02:14.708,20.6,44.2,41.1,59.2
Hugo_Sanchez,3235,00:02:14.750,26.3,44.2,42.9,61.5
Hugo_Sanchez,3236,00:02:14.791,34.0,44.0,44.4,63.5
Hugo_Sanchez,3237,00:02:14.833,39.9,44.4,45.6,64.9
Hugo_Sanchez,3238,00:02:14.875,43.5,44.2,46.3,65.2
Hugo_Sanchez,3239,00:02:14.916,46.6,44.2,46.5,64.3
Hugo_Sanchez,3240,00:02:14.958,49.2,44.4,46.1,62.1
Hugo_Sanchez,3241,00:02:15.000,56.0,45.7,45.2,58.7
Hugo_Sanchez,3242,00:02:15.041,56.1,45.6,43.8,54.3
Hugo_Sanchez,3243,00:02:15.083,56.3,45.5,42.0,49.2
Hugo_Sanchez,3244,00:02:15.125,57.0,45.5,40.0,43.8
Hugo_Sanchez,3245,00:02:15.166,57.1,20.9,38.0,38.5
Hugo_Sanchez,3246,00:02:15.208,56.7,20.9,36.2,33.5
Hugo_Sanchez,3247,00:02:15.250,55.6,21.0,34.9,28.9
Hugo_Sanchez,3248,00:02:15.291,53.9,21.1,34.1,24.8
Hugo_Sanchez,3249,00:02:15.333,53.0,21.2,34.1,21.2
Hugo_Sanchez,3250,00:02:15.375,50.4,21.4,34.9,18.1
Hugo_Sanchez,3251,00:02:15.416,45.8,21.6,36.3,15.4
Hugo_Sanchez,3252,00:02:15.458,40.0,21.8,38.3,13.2
Hugo_Sanchez,3253,00:02:15.500,38.4,22.0,40.7,11.5
Hugo_Sanchez,3254,00:02:15.541,47.7,22.2,43.3,10.3
Hugo_Sanchez,3255,00:02:15.583,57.0,22.4,45.9,9.6
Hugo_Sanchez,3256,00:02:15.625,62.4,22.7,48.3,9.2
Hugo_Sanchez,3257,00:02:15.666,63.4,22.9,50.6,9.1
Hugo_Sanchez,3258,00:02:15.708,61.0,23.1,52.6,9.2
Hugo_Sanchez,3259,00:02:15.750,57.0,23.3,54.4,9.4
Hugo_Sanchez,3260,00:02:15.791,53.8,23.6,56.0,9.7
Hugo_Sanchez,3261,00:02:15.833,53.1,23.9,57.4,9.9
Hugo_Sanchez,3262,00:02:15.875,51.9,24.1,58.7,10.1
Hugo_Sanchez,3263,00:02:15.916,46.9,24.4,60.0,10.2
Hugo_Sanchez,3264,00:02:15.958,48.1,24.7,61.2,10.2
Hugo_Sanchez,3265,00:02:16.000,63.3,25.0,62.5,10.2
Hugo_Sanchez,3266,00:02:16.041,69.2,25.3,63.8,10.2
Hugo_Sanchez,3267,00:02:16.083,71.4,25.6,65.1,10.2
Hugo_Sanchez,3268,00:02:16.125,73.9,26.1,66.5,10.2
Hugo_Sanchez,3269,00:02:16.166,76.3,26.5,67.9,10.2
Hugo_Sanchez,3270,00:02:16.208,77.3,26.9,69.3,10.2
Hugo_Sanchez,3271,00:02:16.250,76.5,27.4,70.6,10.2
Hugo_Sanchez,3272,00:02:16.291,73.8,27.9,71.8,10.3
Hugo_Sanchez,3273,00:02:16.333,69.2,28.3,73.0,10.3
Hugo_Sanchez,3274,00:02:16.375,63.4,28.8,74.0,10.4
Hugo_Sanchez,3275,00:02:16.416,58.0,29.3,74.9,10.4
Hugo_Sanchez,3276,00:02:16.458,52.7,29.5,75.7,10.5
Hugo_Sanchez,3277,00:02:16.500,47.4,29.9,76.3,10.5
Hugo_Sanchez,3278,00:02:16.541,45.0,30.2,76.9,10.5
Hugo_Sanchez,3279,00:02:16.583,48.2,30.5,77.5,10.5
Hugo_Sanchez,3280,00:02:16.625,52.3,30.9,77.9,10.5
Hugo_Sanchez,3281,00:02:16.666,56.1,31.2,78.2,10.5
Hugo_Sanchez,3282,00:02:16.708,59.5,31.7,78.5,10.4
Hugo_Sanchez,3283,00:02:16.750,62.4,32.0,78.8,10.3
Hugo_Sanchez,3284,00:02:16.791,64.5,32.4,79.0,10.2
Hugo_Sanchez,3285,00:02:16.833,66.6,32.7,79.1,10.1
Hugo_Sanchez,3286,00:02:16.875,68.1,33.3,79.3,10.0
Hugo_Sanchez,3287,00:02:16.916,66.5,33.6,79.4,9.9
Hugo_Sanchez,3288,00:02:16.958,64.0,34.1,79.5,9.9
Hugo_Sanchez,3289,00:02:17.000,64.5,34.5,79.7,9.9
Hugo_Sanchez,3290,00:02:17.041,65.1,35.1,79.8,10.1
Hugo_Sanchez,3291,00:02:17.083,67.1,35.8,79.9,10.3
Hugo_Sanchez,3292,00:02:17.125,69.6,36.5,80.0,10.6
Hugo_Sanchez,3293,00:02:17.166,72.0,37.4,80.0,10.9
Hugo_Sanchez,3294,00:02:17.208,73.3,38.2,80.1,11.4
Hugo_Sanchez,3295,00:02:17.250,73.8,38.7,80.1,11.9
Hugo_Sanchez,3296,00:02:17.291,73.7,39.9,80.1,12.4
Hugo_Sanchez,3297,00:02:17.333,73.3,40.4,80.0,12.8
Hugo_Sanchez,3298,00:02:17.375,72.9,40.4,80.0,13.3
Hugo_Sanchez,3299,00:02:17.416,73.0,40.5,79.8,13.7
Hugo_Sanchez,3300,00:02:17.458,73.2,40.5,79.7,13.9
Hugo_Sanchez,3301,00:02:17.500,73.6,40.7,79.5,14.2
Hugo_Sanchez,3302,00:02:17.541,74.2,40.7,79.4,14.3
Hugo_Sanchez,3303,00:02:17.583,74.7,40.8,79.2,14.4
Hugo_Sanchez,3304,00:02:17.625,75.2,40.8,79.1,14.4
Hugo_Sanchez,3305,00:02:17.666,75.7,40.8,79.0,14.5
Hugo_Sanchez,3306,00:02:17.708,76.1,40.8,79.0,14.6
Hugo_Sanchez,3307,00:02:17.750,76.6,40.8,78.9,14.6
Hugo_Sanchez,3308,00:02:17.791,77.1,40.8,78.9,14.7
Hugo_Sanchez,3309,00:02:17.833,77.8,40.9,78.8,14.8
Hugo_Sanchez,3310,00:02:17.875,78.3,40.8,78.7,14.9
Hugo_Sanchez,3311,00:02:17.916,76.1,40.8,78.6,15.0
Hugo_Sanchez,3312,00:02:17.958,72.1,40.9,78.4,15.0
Hugo_Sanchez,3313,00:02:18.000,71.5,40.6,78.1,15.0
Hugo_Sanchez,3314,00:02:18.041,72.1,40.9,77.8,15.0
Hugo_Sanchez,3315,00:02:18.083,73.1,41.2,77.5,14.9
Hugo_Sanchez,3316,00:02:18.125,74.7,41.7,77.1,14.7
Hugo_Sanchez,3317,00:02:18.166,76.2,42.5,76.7,14.5
Hugo_Sanchez,3318,00:02:18.208,77.2,42.7,76.3,14.2
Hugo_Sanchez,3319,00:02:18.250,77.6,43.9,75.9,13.9
Hugo_Sanchez,3320,00:02:18.291,77.3,44.5,75.5,13.6
Hugo_Sanchez,3321,00:02:18.333,76.2,45.3,75.2,13.2
Hugo_Sanchez,3322,00:02:18.375,75.0,46.4,74.8,12.9
Hugo_Sanchez,3323,00:02:18.416,73.6,46.8,74.5,12.6
Hugo_Sanchez,3324,00:02:18.458,72.1,47.8,74.2,12.2
Hugo_Sanchez,3325,00:02:18.500,70.5,48.7,73.9,11.9
Hugo_Sanchez,3326,00:02:18.541,69.2,49.1,73.6,11.6
Hugo_Sanchez,3327,00:02:18.583,68.0,49.2,73.3,11.4
Hugo_Sanchez,3328,00:02:18.625,67.2,49.4,73.1,11.1
Hugo_Sanchez,3329,00:02:18.666,66.8,49.6,72.9,11.0
Hugo_Sanchez,3330,00:02:18.708,66.6,49.7,72.7,11.0
Hugo_Sanchez,3331,00:02:18.750,66.3,49.8,72.5,11.2
Hugo_Sanchez,3332,00:02:18.791,65.8,49.8,72.2,11.8
Hugo_Sanchez,3333,00:02:18.833,65.5,50.0,71.7,13.2
Hugo_Sanchez,3334,00:02:18.875,64.6,50.4,71.0,15.5
Hugo_Sanchez,3335,00:02:18.916,60.2,50.6,69.8,19.0
Hugo_Sanchez,3336,00:02:18.958,50.7,50.6,68.2,23.7
Hugo_Sanchez,3337,00:02:19.000,40.8,50.7,66.3,29.7
Hugo_Sanchez,3338,00:02:19.041,39.6,50.6,64.0,36.6
Hugo_Sanchez,3339,00:02:19.083,43.0,50.6,61.6,44.0
Hugo_Sanchez,3340,00:02:19.125,49.8,47.0,59.1,51.4
Hugo_Sanchez,3341,00:02:19.166,55.0,47.1,56.9,58.2
Hugo_Sanchez,3342,00:02:19.208,56.4,47.1,54.9,64.0
Hugo_Sanchez,3343,00:02:19.250,54.6,47.2,53.4,68.6
Hugo_Sanchez,3344,00:02:19.291,51.8,47.2,52.2,72.0
Hugo_Sanchez,3345,00:02:19.333,49.5,47.7,51.4,74.3
Hugo_Sanchez,3346,00:02:19.375,48.3,47.5,50.9,75.7
Hugo_Sanchez,3347,00:02:19.416,48.0,47.6,50.5,76.6
Hugo_Sanchez,3348,00:02:19.458,48.1,47.5,50.3,77.0
Hugo_Sanchez,3349,00:02:19.500,48.3,48.0,50.1,77.3
Hugo_Sanchez,3350,00:02:19.541,48.5,48.1,50.0,77.4
Hugo_Sanchez,3351,00:02:19.583,48.5,48.1,49.9,77.5
Hugo_Sanchez,3352,00:02:19.625,48.5,48.1,49.8,77.7
Hugo_Sanchez,3353,00:02:19.666,48.0,48.3,49.7,77.8
Hugo_Sanchez,3354,00:02:19.708,47.1,48.1,49.7,77.9
Hugo_Sanchez,3355,00:02:19.750,46.0,48.1,49.6,78.1
Hugo_Sanchez,3356,00:02:19.791,45.1,47.9,49.6,78.3
Hugo_Sanchez,3357,00:02:19.833,45.1,48.2,49.6,78.4
Hugo_Sanchez,3358,00:02:19.875,47.0,48.0,49.6,78.6
Hugo_Sanchez,3359,00:02:19.916,51.2,48.0,49.6,78.7
Hugo_Sanchez,3360,00:02:19.958,56.0,48.1,49.6,78.8
Hugo_Sanchez,3361,00:02:20.000,60.5,49.1,49.7,78.8
Hugo_Sanchez,3362,00:02:20.041,63.9,48.9,49.7,78.9
Hugo_Sanchez,3363,00:02:20.083,64.5,48.9,49.7,78.9
Hugo_Sanchez,3364,00:02:20.125,61.4,48.9,49.8,79.0
Hugo_Sanchez,3365,00:02:20.166,56.3,49.3,49.8,79.0
Hugo_Sanchez,3366,00:02:20.208,51.2,49.0,49.9,79.0
Hugo_Sanchez,3367,00:02:20.250,47.6,49.0,50.0,78.9
Hugo_Sanchez,3368,00:02:20.291,45.4,48.8,50.0,78.8
Hugo_Sanchez,3369,00:02:20.333,44.1,49.1,50.1,78.8
Hugo_Sanchez,3370,00:02:20.375,43.1,48.9,50.2,78.7
Hugo_Sanchez,3371,00:02:20.416,42.1,48.9,50.2,78.6
Hugo_Sanchez,3372,00:02:20.458,41.2,48.7,50.3,78.5
Hugo_Sanchez,3373,00:02:20.500,40.2,49.1,50.4,78.3
Hugo_Sanchez,3374,00:02:20.541,39.4,49.0,50.5,78.2
Hugo_Sanchez,3375,00:02:20.583,38.8,49.0,50.5,78.1
Hugo_Sanchez,3376,00:02:20.625,38.4,48.9,50.6,78.0
Hugo_Sanchez,3377,00:02:20.666,38.3,49.3,50.6,78.0
Hugo_Sanchez,3378,00:02:20.708,38.4,48.9,50.7,77.9
Hugo_Sanchez,3379,00:02:20.750,38.6,48.9,50.8,77.9
Hugo_Sanchez,3380,00:02:20.791,39.4,48.6,50.9,77.8
Hugo_Sanchez,3381,00:02:20.833,41.1,49.1,51.0,77.9
Hugo_Sanchez,3382,00:02:20.875,45.0,48.8,51.1,77.9
Hugo_Sanchez,3383,00:02:20.916,51.7,48.9,51.2,78.0
Hugo_Sanchez,3384,00:02:20.958,56.1,48.7,51.4,78.0
Hugo_Sanchez,3385,00:02:21.000,55.7,48.1,51.5,78.0
Hugo_Sanchez,3386,00:02:21.041,58.5,47.9,51.5,78.0
Hugo_Sanchez,3387,00:02:21.083,59.9,48.0,51.5,78.0
Hugo_Sanchez,3388,00:02:21.125,56.4,47.9,51.4,77.9
Hugo_Sanchez,3389,00:02:21.166,51.1,48.2,51.2,77.8
Hugo_Sanchez,3390,00:02:21.208,46.3,47.7,51.0,77.8
Hugo_Sanchez,3391,00:02:21.250,43.1,47.9,50.8,77.7
Hugo_Sanchez,3392,00:02:21.291,41.4,47.7,50.5,77.7
Hugo_Sanchez,3393,00:02:21.333,40.5,48.2,50.3,77.7
Hugo_Sanchez,3394,00:02:21.375,40.0,48.3,50.1,77.8
Hugo_Sanchez,3395,00:02:21.416,39.8,48.4,49.9,77.9
Hugo_Sanchez,3396,00:02:21.458,39.8,48.4,49.8,78.0
Hugo_Sanchez,3397,00:02:21.500,39.9,48.6,49.8,78.0
Hugo_Sanchez,3398,00:02:21.541,40.3,48.4,49.7,78.1
Hugo_Sanchez,3399,00:02:21.583,40.8,48.4,49.7,78.2
Hugo_Sanchez,3400,00:02:21.625,41.2,48.2,49.7,78.2
Hugo_Sanchez,3401,00:02:21.666,41.4,48.5,49.7,78.2
Hugo_Sanchez,3402,00:02:21.708,41.3,48.3,49.6,78.3
Hugo_Sanchez,3403,00:02:21.750,41.0,48.3,49.6,78.3
Hugo_Sanchez,3404,00:02:21.791,41.2,48.1,49.5,78.2
Hugo_Sanchez,3405,00:02:21.833,42.5,48.5,49.4,78.2
Hugo_Sanchez,3406,00:02:21.875,45.5,48.1,49.3,78.2
Hugo_Sanchez,3407,00:02:21.916,50.7,48.1,49.2,78.2
Hugo_Sanchez,3408,00:02:21.958,54.3,47.9,49.1,78.2
Hugo_Sanchez,3409,00:02:22.000,54.9,48.4,48.9,78.2
Hugo_Sanchez,3410,00:02:22.041,57.3,48.2,48.8,78.2
Hugo_Sanchez,3411,00:02:22.083,58.5,48.2,48.8,78.2
Hugo_Sanchez,3412,00:02:22.125,56.3,48.2,48.7,78.2
Hugo_Sanchez,3413,00:02:22.166,52.2,48.6,48.7,78.2
Hugo_Sanchez,3414,00:02:22.208,48.0,48.5,48.7,78.2
Hugo_Sanchez,3415,00:02:22.250,45.1,48.5,48.7,78.2
Hugo_Sanchez,3416,00:02:22.291,43.4,48.4,48.7,78.2
Hugo_Sanchez,3417,00:02:22.333,42.5,48.7,48.8,78.2
Hugo_Sanchez,3418,00:02:22.375,41.9,48.6,48.8,78.2
Hugo_Sanchez,3419,00:02:22.416,41.5,48.6,48.8,78.2
Hugo_Sanchez,3420,00:02:22.458,41.1,48.5,48.7,78.1
Hugo_Sanchez,3421,00:02:22.500,40.8,48.7,48.7,78.0
Hugo_Sanchez,3422,00:02:22.541,40.6,48.2,48.6,77.9
Hugo_Sanchez,3423,00:02:22.583,40.5,48.1,48.5,77.6
Hugo_Sanchez,3424,00:02:22.625,40.6,47.9,48.5,77.3
Hugo_Sanchez,3425,00:02:22.666,40.8,48.2,48.5,76.9
Hugo_Sanchez,3426,00:02:22.708,41.0,47.8,48.6,76.5
Hugo_Sanchez,3427,00:02:22.750,41.3,47.6,48.7,76.1
Hugo_Sanchez,3428,00:02:22.791,41.8,47.2,48.9,75.7
Hugo_Sanchez,3429,00:02:22.833,43.2,47.3,49.2,75.3
Hugo_Sanchez,3430,00:02:22.875,46.1,46.5,49.6,75.1
Hugo_Sanchez,3431,00:02:22.916,50.8,45.6,49.9,74.9
Hugo_Sanchez,3432,00:02:22.958,54.6,44.2,50.3,74.9
Hugo_Sanchez,3433,00:02:23.000,56.6,43.4,50.7,74.9
Hugo_Sanchez,3434,00:02:23.041,59.5,42.6,51.0,75.0
Hugo_Sanchez,3435,00:02:23.083,60.6,42.4,51.2,75.1
Hugo_Sanchez,3436,00:02:23.125,58.8,42.3,51.5,75.3
Hugo_Sanchez,3437,00:02:23.166,55.3,43.6,51.7,75.4
Hugo_Sanchez,3438,00:02:23.208,51.8,44.1,51.9,75.5
Hugo_Sanchez,3439,00:02:23.250,49.3,44.5,52.0,75.6
Hugo_Sanchez,3440,00:02:23.291,47.9,44.4,52.1,75.6
Hugo_Sanchez,3441,00:02:23.333,47.4,45.0,52.1,75.6
Hugo_Sanchez,3442,00:02:23.375,47.3,44.9,52.1,75.5
Hugo_Sanchez,3443,00:02:23.416,47.5,45.0,51.9,75.2
Hugo_Sanchez,3444,00:02:23.458,47.7,44.8,51.5,74.7
Hugo_Sanchez,3445,00:02:23.500,47.6,45.1,51.0,73.8
Hugo_Sanchez,3446,00:02:23.541,47.0,44.7,50.4,72.3
Hugo_Sanchez,3447,00:02:23.583,45.7,44.7,49.8,70.1
Hugo_Sanchez,3448,00:02:23.625,43.7,44.6,49.0,67.2
Hugo_Sanchez,3449,00:02:23.666,41.4,45.1,48.1,63.6
Hugo_Sanchez,3450,00:02:23.708,39.3,45.4,47.2,59.4
Hugo_Sanchez,3451,00:02:23.750,38.0,46.0,46.1,55.0
Hugo_Sanchez,3452,00:02:23.791,37.9,46.2,45.0,50.6
Hugo_Sanchez,3453,00:02:23.833,38.8,26.7,43.7,46.5
Hugo_Sanchez,3454,00:02:23.875,40.9,27.4,42.2,43.0
Hugo_Sanchez,3455,00:02:23.916,43.4,27.5,40.6,40.1
Hugo_Sanchez,3456,00:02:23.958,48.7,27.6,38.9,38.1
Hugo_Sanchez,3457,00:02:24.000,58.1,27.5,37.2,36.8
Hugo_Sanchez,3458,00:02:24.041,58.6,28.0,35.5,36.0
Hugo_Sanchez,3459,00:02:24.083,56.0,28.2,33.9,35.8
Hugo_Sanchez,3460,00:02:24.125,52.3,28.4,32.4,35.9
Hugo_Sanchez,3461,00:02:24.166,48.7,28.5,31.1,36.2
Hugo_Sanchez,3462,00:02:24.208,45.3,29.1,30.0,36.6
Hugo_Sanchez,3463,00:02:24.250,43.7,30.3,29.1,37.0
Hugo_Sanchez,3464,00:02:24.291,44.2,31.2,28.3,37.3
Hugo_Sanchez,3465,00:02:24.333,45.7,31.6,27.7,37.5
Hugo_Sanchez,3466,00:02:24.375,47.8,31.7,27.3,37.5
Hugo_Sanchez,3467,00:02:24.416,49.7,32.3,27.0,37.2
Hugo_Sanchez,3468,00:02:24.458,50.7,32.3,26.9,36.8
Hugo_Sanchez,3469,00:02:24.500,51.0,32.4,27.0,36.1
Hugo_Sanchez,3470,00:02:24.541,50.7,32.5,27.2,35.4
Hugo_Sanchez,3471,00:02:24.583,50.6,32.7,27.5,34.6
Hugo_Sanchez,3472,00:02:24.625,52.7,33.1,27.9,33.9
Hugo_Sanchez,3473,00:02:24.666,59.0,33.0,28.3,33.2
Hugo_Sanchez,3474,00:02:24.708,67.0,33.5,28.6,32.7
Hugo_Sanchez,3475,00:02:24.750,73.0,33.5,28.9,32.4
Hugo_Sanchez,3476,00:02:24.791,76.8,33.5,28.9,32.4
Hugo_Sanchez,3477,00:02:24.833,79.4,33.3,29.0,32.6
Hugo_Sanchez,3478,00:02:24.875,80.9,33.5,28.9,33.1
Hugo_Sanchez,3479,00:02:24.916,80.2,34.0,28.9,33.8
Hugo_Sanchez,3480,00:02:24.958,74.2,34.0,28.9,34.8
Hugo_Sanchez,3481,00:02:25.000,64.0,34.8,29.0,35.9
Hugo_Sanchez,3482,00:02:25.041,62.2,35.0,29.2,37.0
Hugo_Sanchez,3483,00:02:25.083,62.2,34.4,29.5,37.9
Hugo_Sanchez,3484,00:02:25.125,63.3,34.6,29.9,38.7
Hugo_Sanchez,3485,00:02:25.166,63.9,34.6,30.2,39.2
Hugo_Sanchez,3486,00:02:25.208,63.1,34.7,30.6,39.4
Hugo_Sanchez,3487,00:02:25.250,61.1,35.1,30.9,39.3
Hugo_Sanchez,3488,00:02:25.291,58.8,35.4,31.1,39.0
Hugo_Sanchez,3489,00:02:25.333,56.4,35.9,31.3,38.5
Hugo_Sanchez,3490,00:02:25.375,54.2,35.9,31.4,37.9
Hugo_Sanchez,3491,00:02:25.416,52.4,35.8,31.4,37.4
Hugo_Sanchez,3492,00:02:25.458,50.8,36.3,31.4,36.9
Hugo_Sanchez,3493,00:02:25.500,49.3,36.1,31.4,36.5
Hugo_Sanchez,3494,00:02:25.541,47.9,36.0,31.4,36.3
Hugo_Sanchez,3495,00:02:25.583,46.3,36.1,31.4,36.2
Hugo_Sanchez,3496,00:02:25.625,44.8,36.5,31.2,36.3
Hugo_Sanchez,3497,00:02:25.666,43.5,36.3,31.0,36.4
Hugo_Sanchez,3498,00:02:25.708,42.0,36.9,30.7,36.5
Hugo_Sanchez,3499,00:02:25.750,41.4,36.9,30.3,36.6
Hugo_Sanchez,3500,00:02:25.791,43.0,37.1,29.8,36.6
Hugo_Sanchez,3501,00:02:25.833,45.0,37.3,29.4,36.5
Hugo_Sanchez,3502,00:02:25.875,46.8,37.7,29.0,36.3
Hugo_Sanchez,3503,00:02:25.916,46.8,38.3,28.6,35.9
Hugo_Sanchez,3504,00:02:25.958,41.3,38.3,28.5,35.4
Hugo_Sanchez,3505,00:02:26.000,32.3,38.1,28.4,34.8
Hugo_Sanchez,3506,00:02:26.041,28.3,38.3,28.5,34.2
Hugo_Sanchez,3507,00:02:26.083,24.9,38.0,28.7,33.7
Hugo_Sanchez,3508,00:02:26.125,21.3,38.4,28.8,33.2
Hugo_Sanchez,3509,00:02:26.166,19.7,38.4,29.0,32.9
Hugo_Sanchez,3510,00:02:26.208,20.9,38.9,29.0,32.7
Hugo_Sanchez,3511,00:02:26.250,25.6,38.8,28.9,32.6
Hugo_Sanchez,3512,00:02:26.291,30.9,39.2,28.7,32.8
Hugo_Sanchez,3513,00:02:26.333,34.5,39.4,28.3,33.0
Hugo_Sanchez,3514,00:02:26.375,36.1,39.5,27.7,33.4
Hugo_Sanchez,3515,00:02:26.416,35.7,40.2,27.1,33.8
Hugo_Sanchez,3516,00:02:26.458,33.0,40.2,26.4,34.4
Hugo_Sanchez,3517,00:02:26.500,29.5,39.4,25.7,35.0
Hugo_Sanchez,3518,00:02:26.541,28.8,39.3,25.1,35.7
Hugo_Sanchez,3519,00:02:26.583,30.8,39.0,24.7,36.4
Hugo_Sanchez,3520,00:02:26.625,32.1,38.9,24.4,37.1
Hugo_Sanchez,3521,00:02:26.666,32.5,38.6,24.2,37.6
Hugo_Sanchez,3522,00:02:26.708,32.4,35.1,24.1,38.0
Hugo_Sanchez,3523,00:02:26.750,31.8,34.9,24.0,38.3
Hugo_Sanchez,3524,00:02:26.791,30.8,34.8,23.8,38.5
Hugo_Sanchez,3525,00:02:26.833,30.1,34.4,23.4,38.5
Hugo_Sanchez,3526,00:02:26.875,30.5,34.4,23.0,38.4
Hugo_Sanchez,3527,00:02:26.916,30.2,34.9,22.4,38.3
Hugo_Sanchez,3528,00:02:26.958,24.9,34.9,21.9,38.1
Hugo_Sanchez,3529,00:02:27.000,17.1,34.2,21.4,38.0
Hugo_Sanchez,3530,00:02:27.041,14.3,34.9,21.2,37.8
Hugo_Sanchez,3531,00:02:27.083,12.8,34.8,21.2,37.7
Hugo_Sanchez,3532,00:02:27.125,12.5,34.7,21.6,37.6
Hugo_Sanchez,3533,00:02:27.166,13.2,34.7,22.4,37.5
Hugo_Sanchez,3534,00:02:27.208,14.3,34.7,23.4,37.5
Hugo_Sanchez,3535,00:02:27.250,15.9,33.7,24.8,37.6
Hugo_Sanchez,3536,00:02:27.291,18.0,33.7,26.4,38.0
Hugo_Sanchez,3537,00:02:27.333,22.6,33.6,28.2,38.7
Hugo_Sanchez,3538,00:02:27.375,30.7,33.7,30.2,40.0
Hugo_Sanchez,3539,00:02:27.416,39.9,33.5,32.4,41.9
Hugo_Sanchez,3540,00:02:27.458,47.5,33.5,34.7,44.6
Hugo_Sanchez,3541,00:02:27.500,51.4,33.2,37.1,48.1
Hugo_Sanchez,3542,00:02:27.541,50.6,33.3,39.5,52.1
Hugo_Sanchez,3543,00:02:27.583,44.3,33.0,41.9,56.4
Hugo_Sanchez,3544,00:02:27.625,33.9,46.3,44.1,60.8
Hugo_Sanchez,3545,00:02:27.666,29.6,46.3,46.0,64.8
Hugo_Sanchez,3546,00:02:27.708,36.5,46.2,47.5,68.3
Hugo_Sanchez,3547,00:02:27.750,42.3,46.3,48.7,71.2
Hugo_Sanchez,3548,00:02:27.791,45.0,46.3,49.5,73.2
Hugo_Sanchez,3549,00:02:27.833,46.3,46.7,50.0,74.7
Hugo_Sanchez,3550,00:02:27.875,48.7,46.7,50.3,75.5
Hugo_Sanchez,3551,00:02:27.916,53.1,46.8,50.4,76.0
Hugo_Sanchez,3552,00:02:27.958,56.1,46.7,50.4,76.2
Hugo_Sanchez,3553,00:02:28.000,55.7,47.1,50.3,76.2
Hugo_Sanchez,3554,00:02:28.041,57.9,46.9,50.3,76.1
Hugo_Sanchez,3555,00:02:28.083,59.2,47.0,50.2,76.0
Hugo_Sanchez,3556,00:02:28.125,57.2,47.0,50.2,75.8
Hugo_Sanchez,3557,00:02:28.166,53.0,47.5,50.2,75.7
Hugo_Sanchez,3558,00:02:28.208,48.5,47.5,50.3,75.6
Hugo_Sanchez,3559,00:02:28.250,45.3,47.5,50.3,75.5
Hugo_Sanchez,3560,00:02:28.291,43.7,47.5,50.3,75.4
Hugo_Sanchez,3561,00:02:28.333,43.3,47.9,50.4,75.4
Hugo_Sanchez,3562,00:02:28.375,43.5,47.7,50.4,75.4
Hugo_Sanchez,3563,00:02:28.416,44.1,47.8,50.4,75.4
Hugo_Sanchez,3564,00:02:28.458,44.8,47.8,50.4,75.4
Hugo_Sanchez,3565,00:02:28.500,45.5,48.2,50.4,75.4
Hugo_Sanchez,3566,00:02:28.541,46.1,48.1,50.4,75.4
Hugo_Sanchez,3567,00:02:28.583,46.5,48.1,50.3,75.3
Hugo_Sanchez,3568,00:02:28.625,46.7,48.0,50.3,75.3
Hugo_Sanchez,3569,00:02:28.666,46.5,48.4,50.3,75.3
Hugo_Sanchez,3570,00:02:28.708,45.7,48.4,50.2,75.4
Hugo_Sanchez,3571,00:02:28.750,44.7,48.4,50.1,75.4
Hugo_Sanchez,3572,00:02:28.791,44.1,48.5,50.1,75.4
Hugo_Sanchez,3573,00:02:28.833,44.8,48.7,50.0,75.4
Hugo_Sanchez,3574,00:02:28.875,47.5,48.7,49.9,75.4
Hugo_Sanchez,3575,00:02:28.916,53.1,48.7,49.9,75.4
Hugo_Sanchez,3576,00:02:28.958,57.2,48.7,49.8,75.3
Hugo_Sanchez,3577,00:02:29.000,58.1,48.9,49.7,75.3
Hugo_Sanchez,3578,00:02:29.041,60.7,48.8,49.7,75.2
Hugo_Sanchez,3579,00:02:29.083,61.5,48.8,49.6,75.1
Hugo_Sanchez,3580,00:02:29.125,58.7,48.8,49.5,75.0
Hugo_Sanchez,3581,00:02:29.166,53.4,49.0,49.4,74.9
Hugo_Sanchez,3582,00:02:29.208,48.1,48.9,49.3,74.8
Hugo_Sanchez,3583,00:02:29.250,44.7,48.8,49.2,74.8
Hugo_Sanchez,3584,00:02:29.291,43.0,48.7,49.1,74.8
Hugo_Sanchez,3585,00:02:29.333,42.4,48.9,49.0,74.9
Hugo_Sanchez,3586,00:02:29.375,42.5,48.8,49.0,75.0
Hugo_Sanchez,3587,00:02:29.416,42.8,48.8,48.9,75.1
Hugo_Sanchez,3588,00:02:29.458,43.1,48.7,48.8,75.2
Hugo_Sanchez,3589,00:02:29.500,43.4,48.9,48.7,75.4
Hugo_Sanchez,3590,00:02:29.541,43.8,48.6,48.6,75.5
Hugo_Sanchez,3591,00:02:29.583,44.4,48.6,48.6,75.6
Hugo_Sanchez,3592,00:02:29.625,44.9,48.5,48.5,75.6
Hugo_Sanchez,3593,00:02:29.666,45.4,48.6,48.5,75.6
Hugo_Sanchez,3594,00:02:29.708,45.3,48.3,48.5,75.5
Hugo_Sanchez,3595,00:02:29.750,44.9,48.3,48.4,75.3
Hugo_Sanchez,3596,00:02:29.791,44.6,48.0,48.2,74.8
Hugo_Sanchez,3597,00:02:29.833,45.3,48.3,47.9,74.0
Hugo_Sanchez,3598,00:02:29.875,48.2,48.1,47.3,72.7
Hugo_Sanchez,3599,00:02:29.916,54.2,48.1,46.3,70.8
Hugo_Sanchez,3600,00:02:29.958,61.4,48.2,45.0,68.3
Hugo_Sanchez,3601,00:02:30.000,67.6,47.7,43.3,65.2
Hugo_Sanchez,3602,00:02:30.041,67.9,47.4,41.3,61.8
Hugo_Sanchez,3603,00:02:30.083,66.8,47.3,39.1,58.2
Hugo_Sanchez,3604,00:02:30.125,63.8,47.3,36.8,54.7
Hugo_Sanchez,3605,00:02:30.166,58.6,35.0,34.6,51.5
Hugo_Sanchez,3606,00:02:30.208,50.7,35.5,32.8,48.9
Hugo_Sanchez,3607,00:02:30.250,42.5,35.5,31.4,46.8
Hugo_Sanchez,3608,00:02:30.291,41.2,35.3,30.4,45.2
Hugo_Sanchez,3609,00:02:30.333,47.8,34.7,30.0,44.2
Hugo_Sanchez,3610,00:02:30.375,53.6,35.3,30.0,43.5
Hugo_Sanchez,3611,00:02:30.416,57.4,35.7,30.3,43.2
Hugo_Sanchez,3612,00:02:30.458,60.5,35.7,30.8,43.0
Hugo_Sanchez,3613,00:02:30.500,62.8,36.1,31.4,43.1
Hugo_Sanchez,3614,00:02:30.541,63.4,36.0,32.0,43.3
Hugo_Sanchez,3615,00:02:30.583,62.0,36.0,32.6,43.6
Hugo_Sanchez,3616,00:02:30.625,59.4,36.0,33.2,44.0
Hugo_Sanchez,3617,00:02:30.666,56.2,36.1,33.7,44.4
Hugo_Sanchez,3618,00:02:30.708,53.1,36.1,34.2,44.9
Hugo_Sanchez,3619,00:02:30.750,51.0,36.4,34.8,45.3
Hugo_Sanchez,3620,00:02:30.791,50.1,36.7,35.4,45.8
Hugo_Sanchez,3621,00:02:30.833,49.7,36.8,36.0,46.2
Hugo_Sanchez,3622,00:02:30.875,50.1,36.8,36.5,46.5
Hugo_Sanchez,3623,00:02:30.916,51.4,37.1,36.9,46.8
Hugo_Sanchez,3624,00:02:30.958,51.1,37.0,37.2,46.9
Hugo_Sanchez,3625,00:02:31.000,48.5,37.7,37.3,46.9
Hugo_Sanchez,3626,00:02:31.041,49.0,37.7,37.1,46.8
Hugo_Sanchez,3627,00:02:31.083,50.1,37.7,36.9,46.4
Hugo_Sanchez,3628,00:02:31.125,50.6,37.9,36.5,45.8
Hugo_Sanchez,3629,00:02:31.166,49.5,37.2,36.0,45.0
Hugo_Sanchez,3630,00:02:31.208,47.4,34.7,35.5,44.0
Hugo_Sanchez,3631,00:02:31.250,45.5,34.7,35.0,43.0
Hugo_Sanchez,3632,00:02:31.291,44.4,32.9,34.5,42.0
Hugo_Sanchez,3633,00:02:31.333,44.6,25.9,34.1,41.0
Hugo_Sanchez,3634,00:02:31.375,46.3,26.4,33.8,40.1
Hugo_Sanchez,3635,00:02:31.416,49.1,26.0,33.4,39.2
Hugo_Sanchez,3636,00:02:31.458,52.6,26.1,32.9,38.4
Hugo_Sanchez,3637,00:02:31.500,56.1,24.6,32.3,37.6
Hugo_Sanchez,3638,00:02:31.541,58.9,24.7,31.4,36.8
Hugo_Sanchez,3639,00:02:31.583,60.4,24.7,30.2,35.9
Hugo_Sanchez,3640,00:02:31.625,60.4,25.0,28.9,35.0
Hugo_Sanchez,3641,00:02:31.666,58.5,25.2,27.4,34.1
Hugo_Sanchez,3642,00:02:31.708,55.5,25.8,26.1,33.3
Hugo_Sanchez,3643,00:02:31.750,52.9,26.3,25.1,32.7
Hugo_Sanchez,3644,00:02:31.791,50.7,26.9,24.5,32.4
Hugo_Sanchez,3645,00:02:31.833,48.8,27.2,24.6,32.4
Hugo_Sanchez,3646,00:02:31.875,48.0,28.8,25.3,32.7
Hugo_Sanchez,3647,00:02:31.916,47.6,29.3,26.6,33.3
Hugo_Sanchez,3648,00:02:31.958,45.2,30.5,28.2,34.1
Hugo_Sanchez,3649,00:02:32.000,40.3,36.2,30.0,34.9
Hugo_Sanchez,3650,00:02:32.041,37.7,36.3,31.7,35.6
Hugo_Sanchez,3651,00:02:32.083,36.0,37.1,33.0,36.1
Hugo_Sanchez,3652,00:02:32.125,34.6,40.3,33.9,36.2
Hugo_Sanchez,3653,00:02:32.166,33.1,40.3,34.2,36.1
Hugo_Sanchez,3654,00:02:32.208,30.8,40.3,34.0,35.6
Hugo_Sanchez,3655,00:02:32.250,28.7,40.3,33.4,35.0
Hugo_Sanchez,3656,00:02:32.291,27.8,37.7,32.5,34.3
Hugo_Sanchez,3657,00:02:32.333,28.3,33.9,31.4,33.7
Hugo_Sanchez,3658,00:02:32.375,29.9,33.6,30.3,33.2
Hugo_Sanchez,3659,00:02:32.416,31.3,32.9,29.5,33.0
Hugo_Sanchez,3660,00:02:32.458,31.5,32.8,28.9,33.2
Hugo_Sanchez,3661,00:02:32.500,30.7,31.2,28.8,34.1
Hugo_Sanchez,3662,00:02:32.541,28.7,30.7,29.3,35.6
Hugo_Sanchez,3663,00:02:32.583,26.8,30.1,30.2,37.9
Hugo_Sanchez,3664,00:02:32.625,28.7,29.4,31.7,41.1
Hugo_Sanchez,3665,00:02:32.666,35.1,28.6,33.6,45.0
Hugo_Sanchez,3666,00:02:32.708,42.8,28.2,35.9,49.6
Hugo_Sanchez,3667,00:02:32.750,49.9,42.6,38.2,54.4
Hugo_Sanchez,3668,00:02:32.791,55.0,42.9,40.4,59.1
Hugo_Sanchez,3669,00:02:32.833,58.0,42.9,42.5,63.5
Hugo_Sanchez,3670,00:02:32.875,59.6,42.3,44.2,67.2
Hugo_Sanchez,3671,00:02:32.916,60.4,42.5,45.6,70.1
Hugo_Sanchez,3672,00:02:32.958,59.4,42.6,46.6,72.2
Hugo_Sanchez,3673,00:02:33.000,58.9,43.0,47.3,73.4
Hugo_Sanchez,3674,00:02:33.041,61.7,43.0,47.8,74.1
Hugo_Sanchez,3675,00:02:33.083,63.3,43.3,48.2,74.3
Hugo_Sanchez,3676,00:02:33.125,60.9,42.7,48.4,74.2
Hugo_Sanchez,3677,00:02:33.166,55.9,43.1,48.5,74.1
Hugo_Sanchez,3678,00:02:33.208,50.7,43.2,48.6,73.9
Hugo_Sanchez,3679,00:02:33.250,47.0,43.4,48.6,73.7
Hugo_Sanchez,3680,00:02:33.291,45.0,43.7,48.6,73.6
Hugo_Sanchez,3681,00:02:33.333,44.4,44.0,48.5,73.6
Hugo_Sanchez,3682,00:02:33.375,44.6,43.8,48.5,73.5
Hugo_Sanchez,3683,00:02:33.416,45.4,43.7,48.5,73.5
Hugo_Sanchez,3684,00:02:33.458,46.5,43.7,48.6,73.5
Hugo_Sanchez,3685,00:02:33.500,47.5,43.7,48.8,73.4
Hugo_Sanchez,3686,00:02:33.541,48.0,43.9,49.0,73.3
Hugo_Sanchez,3687,00:02:33.583,47.3,44.2,49.3,73.2
Hugo_Sanchez,3688,00:02:33.625,45.5,44.0,49.5,73.1
Hugo_Sanchez,3689,00:02:33.666,42.7,44.2,49.7,73.0
Hugo_Sanchez,3690,00:02:33.708,39.6,44.0,49.9,72.8
Hugo_Sanchez,3691,00:02:33.750,37.0,43.9,49.9,72.6
Hugo_Sanchez,3692,00:02:33.791,35.6,43.8,49.8,72.2
Hugo_Sanchez,3693,00:02:33.833,36.0,43.9,49.5,71.7
Hugo_Sanchez,3694,00:02:33.875,38.7,43.9,49.1,70.7
Hugo_Sanchez,3695,00:02:33.916,44.3,43.9,48.5,69.2
Hugo_Sanchez,3696,00:02:33.958,48.8,43.4,47.7,67.2
Hugo_Sanchez,3697,00:02:34.000,50.4,43.4,46.7,64.5
Hugo_Sanchez,3698,00:02:34.041,52.1,43.4,45.7,61.4
Hugo_Sanchez,3699,00:02:34.083,52.8,43.4,44.7,57.9
Hugo_Sanchez,3700,00:02:34.125,52.5,43.4,43.7,54.5
Hugo_Sanchez,3701,00:02:34.166,50.1,25.2,42.8,51.3
Hugo_Sanchez,3702,00:02:34.208,46.4,26.0,41.9,48.5
Hugo_Sanchez,3703,00:02:34.250,41.6,26.2,41.1,46.4
Hugo_Sanchez,3704,00:02:34.291,36.4,26.6,40.3,45.0
Hugo_Sanchez,3705,00:02:34.333,33.4,26.4,39.5,44.1
Hugo_Sanchez,3706,00:02:34.375,31.5,26.6,38.7,43.8
Hugo_Sanchez,3707,00:02:34.416,29.5,26.9,38.0,43.9
Hugo_Sanchez,3708,00:02:34.458,29.4,27.5,37.2,44.1
Hugo_Sanchez,3709,00:02:34.500,30.6,27.6,36.4,44.5
Hugo_Sanchez,3710,00:02:34.541,30.6,27.5,35.7,44.9
Hugo_Sanchez,3711,00:02:34.583,29.9,27.4,35.0,45.3
Hugo_Sanchez,3712,00:02:34.625,28.3,27.5,34.2,45.7
Hugo_Sanchez,3713,00:02:34.666,26.1,27.5,33.4,46.1
Hugo_Sanchez,3714,00:02:34.708,25.0,27.4,32.4,46.4
Hugo_Sanchez,3715,00:02:34.750,24.3,27.4,31.3,46.7
Hugo_Sanchez,3716,00:02:34.791,23.1,27.3,30.2,46.8
Hugo_Sanchez,3717,00:02:34.833,22.0,27.0,29.0,46.7
Hugo_Sanchez,3718,00:02:34.875,21.7,26.7,27.9,46.4
Hugo_Sanchez,3719,00:02:34.916,21.3,26.4,26.9,45.9
Hugo_Sanchez,3720,00:02:34.958,21.4,26.4,25.9,45.3
Hugo_Sanchez,3721,00:02:35.000,22.8,26.0,25.2,44.5
Hugo_Sanchez,3722,00:02:35.041,22.5,25.6,24.6,43.7
Hugo_Sanchez,3723,00:02:35.083,21.3,25.5,24.4,43.0
Hugo_Sanchez,3724,00:02:35.125,21.1,25.2,24.4,42.5
Hugo_Sanchez,3725,00:02:35.166,25.1,25.2,24.7,42.1
Hugo_Sanchez,3726,00:02:35.208,32.7,25.4,25.4,42.0
Hugo_Sanchez,3727,00:02:35.250,42.9,25.9,26.4,42.0
Hugo_Sanchez,3728,00:02:35.291,53.0,26.5,27.5,42.0
Hugo_Sanchez,3729,00:02:35.333,59.8,26.5,28.7,42.0
Hugo_Sanchez,3730,00:02:35.375,62.6,26.6,29.8,42.0
Hugo_Sanchez,3731,00:02:35.416,62.2,26.2,30.7,41.9
Hugo_Sanchez,3732,00:02:35.458,59.3,25.9,31.3,41.8
Hugo_Sanchez,3733,00:02:35.500,54.1,25.6,31.5,41.6
Hugo_Sanchez,3734,00:02:35.541,47.8,25.9,31.3,41.5
Hugo_Sanchez,3735,00:02:35.583,45.3,25.3,30.9,41.6
Hugo_Sanchez,3736,00:02:35.625,50.2,24.7,30.2,42.0
Hugo_Sanchez,3737,00:02:35.666,56.0,25.2,29.6,42.7
Hugo_Sanchez,3738,00:02:35.708,59.9,25.7,29.0,43.8
Hugo_Sanchez,3739,00:02:35.750,61.9,25.7,28.6,45.0
Hugo_Sanchez,3740,00:02:35.791,63.0,25.8,28.4,46.5
Hugo_Sanchez,3741,00:02:35.833,65.1,25.8,28.4,48.1
Hugo_Sanchez,3742,00:02:35.875,67.2,25.7,28.6,49.6
Hugo_Sanchez,3743,00:02:35.916,66.4,25.8,28.8,51.0
Hugo_Sanchez,3744,00:02:35.958,63.6,25.8,29.1,52.2
Hugo_Sanchez,3745,00:02:36.000,61.6,25.5,29.3,53.1
Hugo_Sanchez,3746,00:02:36.041,60.9,26.4,29.2,53.9
Hugo_Sanchez,3747,00:02:36.083,59.5,27.0,28.7,54.3
Hugo_Sanchez,3748,00:02:36.125,57.9,27.1,27.7,54.6
Hugo_Sanchez,3749,00:02:36.166,55.9,27.1,26.3,54.6
Hugo_Sanchez,3750,00:02:36.208,53.4,26.5,24.6,54.5
Hugo_Sanchez,3751,00:02:36.250,52.4,26.4,22.7,54.1
Hugo_Sanchez,3752,00:02:36.291,51.7,26.6,20.8,53.5
Hugo_Sanchez,3753,00:02:36.333,50.1,26.5,19.2,52.6
Hugo_Sanchez,3754,00:02:36.375,48.0,26.7,18.0,51.5
Hugo_Sanchez,3755,00:02:36.416,45.7,26.9,17.2,50.2
Hugo_Sanchez,3756,00:02:36.458,42.6,26.6,17.0,48.8
Hugo_Sanchez,3757,00:02:36.500,39.4,26.6,17.3,47.2
Hugo_Sanchez,3758,00:02:36.541,36.6,27.2,17.9,45.7
Hugo_Sanchez,3759,00:02:36.583,34.2,27.8,18.8,44.3
Hugo_Sanchez,3760,00:02:36.625,34.2,28.2,19.8,43.1
Hugo_Sanchez,3761,00:02:36.666,38.9,28.4,20.9,42.2
Hugo_Sanchez,3762,00:02:36.708,43.6,28.4,22.1,41.6
Hugo_Sanchez,3763,00:02:36.750,45.9,28.5,23.2,41.3
Hugo_Sanchez,3764,00:02:36.791,46.2,28.5,24.1,41.3
Hugo_Sanchez,3765,00:02:36.833,45.4,28.5,25.0,41.5
Hugo_Sanchez,3766,00:02:36.875,44.1,28.3,25.7,42.0
Hugo_Sanchez,3767,00:02:36.916,41.9,28.5,26.3,42.6
Hugo_Sanchez,3768,00:02:36.958,37.0,28.5,26.9,43.4
Hugo_Sanchez,3769,00:02:37.000,31.1,28.2,27.5,44.3
Hugo_Sanchez,3770,00:02:37.041,29.4,27.7,28.3,45.3
Hugo_Sanchez,3771,00:02:37.083,29.3,27.8,29.2,46.2
Hugo_Sanchez,3772,00:02:37.125,29.7,28.0,30.3,47.0
Hugo_Sanchez,3773,00:02:37.166,30.1,28.0,31.5,47.6
Hugo_Sanchez,3774,00:02:37.208,29.6,27.6,32.9,48.1
Hugo_Sanchez,3775,00:02:37.250,27.9,27.6,34.3,48.4
Hugo_Sanchez,3776,00:02:37.291,24.6,27.6,35.8,48.6
Hugo_Sanchez,3777,00:02:37.333,21.1,29.2,37.2,48.9
Hugo_Sanchez,3778,00:02:37.375,20.1,29.8,38.6,49.3
Hugo_Sanchez,3779,00:02:37.416,21.8,31.2,39.9,49.9
Hugo_Sanchez,3780,00:02:37.458,25.8,32.2,41.0,50.5
Hugo_Sanchez,3781,00:02:37.500,29.5,33.1,42.1,51.3
Hugo_Sanchez,3782,00:02:37.541,32.5,33.9,43.0,52.1
Hugo_Sanchez,3783,00:02:37.583,35.3,34.6,43.8,52.9
Hugo_Sanchez,3784,00:02:37.625,38.0,34.9,44.4,53.6
Hugo_Sanchez,3785,00:02:37.666,40.7,35.2,44.9,54.2
Hugo_Sanchez,3786,00:02:37.708,43.3,35.3,45.3,54.6
Hugo_Sanchez,3787,00:02:37.750,45.8,35.6,45.6,54.8
Hugo_Sanchez,3788,00:02:37.791,48.2,35.4,45.8,55.0
Hugo_Sanchez,3789,00:02:37.833,50.6,35.9,45.9,55.0
Hugo_Sanchez,3790,00:02:37.875,53.1,36.0,45.9,55.0
Hugo_Sanchez,3791,00:02:37.916,55.1,36.3,45.9,55.0
Hugo_Sanchez,3792,00:02:37.958,56.5,36.4,45.7,55.1
Hugo_Sanchez,3793,00:02:38.000,57.4,36.5,45.5,55.3
Hugo_Sanchez,3794,00:02:38.041,58.0,35.9,45.1,55.7
Hugo_Sanchez,3795,00:02:38.083,59.1,35.8,44.7,56.2
Hugo_Sanchez,3796,00:02:38.125,60.8,35.6,44.1,56.9
Hugo_Sanchez,3797,00:02:38.166,61.0,35.9,43.5,57.7
Hugo_Sanchez,3798,00:02:38.208,59.6,36.0,42.6,58.5
Hugo_Sanchez,3799,00:02:38.250,57.2,35.3,41.7,59.1
Hugo_Sanchez,3800,00:02:38.291,54.7,35.0,40.6,59.6
Hugo_Sanchez,3801,00:02:38.333,52.0,34.2,39.5,59.9
Hugo_Sanchez,3802,00:02:38.375,49.0,33.4,38.3,60.0
Hugo_Sanchez,3803,00:02:38.416,46.2,34.1,37.2,59.9
Hugo_Sanchez,3804,00:02:38.458,43.5,34.8,36.2,59.6
Hugo_Sanchez,3805,00:02:38.500,40.4,35.9,35.3,59.5
Hugo_Sanchez,3806,00:02:38.541,36.9,36.0,34.5,59.3
Hugo_Sanchez,3807,00:02:38.583,33.2,36.0,33.9,59.3
Hugo_Sanchez,3808,00:02:38.625,30.2,36.3,33.5,59.4
Hugo_Sanchez,3809,00:02:38.666,29.0,36.6,33.1,59.5
Hugo_Sanchez,3810,00:02:38.708,28.9,36.2,32.8,59.7
Hugo_Sanchez,3811,00:02:38.750,29.2,36.1,32.5,59.7
Hugo_Sanchez,3812,00:02:38.791,30.1,35.8,32.4,59.7
Hugo_Sanchez,3813,00:02:38.833,31.5,36.2,32.3,59.5
Hugo_Sanchez,3814,00:02:38.875,33.2,36.3,32.3,59.1
Hugo_Sanchez,3815,00:02:38.916,33.7,36.0,32.4,58.6
Hugo_Sanchez,3816,00:02:38.958,33.8,34.8,32.4,58.0
Hugo_Sanchez,3817,00:02:39.000,36.1,34.9,32.5,57.4
Hugo_Sanchez,3818,00:02:39.041,36.1,35.6,32.6,56.8
Hugo_Sanchez,3819,00:02:39.083,36.4,37.2,32.6,56.3
Hugo_Sanchez,3820,00:02:39.125,37.5,37.5,32.6,55.9
Hugo_Sanchez,3821,00:02:39.166,39.2,38.3,32.7,55.4
Hugo_Sanchez,3822,00:02:39.208,41.8,38.5,32.8,54.9
Hugo_Sanchez,3823,00:02:39.250,45.3,38.7,33.0,54.1
Hugo_Sanchez,3824,00:02:39.291,49.1,38.6,33.3,53.2
Hugo_Sanchez,3825,00:02:39.333,52.3,38.4,33.7,52.1
Hugo_Sanchez,3826,00:02:39.375,53.5,38.6,34.0,50.7
Hugo_Sanchez,3827,00:02:39.416,51.8,23.5,34.3,49.1
Hugo_Sanchez,3828,00:02:39.458,48.4,22.8,34.5,47.4
Hugo_Sanchez,3829,00:02:39.500,47.6,22.6,34.6,45.6
Hugo_Sanchez,3830,00:02:39.541,50.4,23.2,34.5,43.9
Hugo_Sanchez,3831,00:02:39.583,55.2,23.6,34.2,42.4
Hugo_Sanchez,3832,00:02:39.625,60.0,23.9,33.8,41.0
Hugo_Sanchez,3833,00:02:39.666,63.5,23.6,33.3,40.0
Hugo_Sanchez,3834,00:02:39.708,65.6,23.9,32.8,39.3
Hugo_Sanchez,3835,00:02:39.750,66.9,23.3,32.6,38.8
Hugo_Sanchez,3836,00:02:39.791,67.5,23.1,32.5,38.6
Hugo_Sanchez,3837,00:02:39.833,67.5,23.3,32.8,38.6
Hugo_Sanchez,3838,00:02:39.875,67.2,24.6,33.5,38.8
Hugo_Sanchez,3839,00:02:39.916,65.1,25.2,34.4,39.1
Hugo_Sanchez,3840,00:02:39.958,59.8,26.0,35.5,39.4
Hugo_Sanchez,3841,00:02:40.000,54.4,26.4,36.7,39.8
Hugo_Sanchez,3842,00:02:40.041,54.1,26.5,37.7,40.1
Hugo_Sanchez,3843,00:02:40.083,54.9,26.7,38.4,40.5
Hugo_Sanchez,3844,00:02:40.125,55.8,26.4,38.6,40.8
Hugo_Sanchez,3845,00:02:40.166,56.4,26.6,38.4,41.0
Hugo_Sanchez,3846,00:02:40.208,56.1,26.1,37.6,41.2
Hugo_Sanchez,3847,00:02:40.250,55.9,25.5,36.5,41.4
Hugo_Sanchez,3848,00:02:40.291,56.3,25.9,35.2,41.4
Hugo_Sanchez,3849,00:02:40.333,57.5,23.7,33.9,41.2
Hugo_Sanchez,3850,00:02:40.375,59.4,23.6,32.7,41.0
Hugo_Sanchez,3851,00:02:40.416,62.5,23.8,31.6,40.6
Hugo_Sanchez,3852,00:02:40.458,66.9,24.6,30.6,40.2
Hugo_Sanchez,3853,00:02:40.500,70.8,24.8,29.8,39.6
Hugo_Sanchez,3854,00:02:40.541,73.3,24.8,29.1,39.0
Hugo_Sanchez,3855,00:02:40.583,74.5,24.6,28.5,38.3
Hugo_Sanchez,3856,00:02:40.625,74.7,24.6,28.2,37.6
Hugo_Sanchez,3857,00:02:40.666,74.1,24.7,28.2,36.9
Hugo_Sanchez,3858,00:02:40.708,72.5,25.5,28.5,36.2
Hugo_Sanchez,3859,00:02:40.750,69.7,25.9,29.2,35.6
Hugo_Sanchez,3860,00:02:40.791,66.4,26.1,30.3,35.1
Hugo_Sanchez,3861,00:02:40.833,63.2,24.7,31.7,34.7
Hugo_Sanchez,3862,00:02:40.875,59.5,24.8,33.4,34.4
Hugo_Sanchez,3863,00:02:40.916,52.3,25.1,35.1,34.3
Hugo_Sanchez,3864,00:02:40.958,40.3,25.5,37.0,34.4
Hugo_Sanchez,3865,00:02:41.000,29.6,25.4,38.7,34.6
Hugo_Sanchez,3866,00:02:41.041,24.6,25.5,40.2,34.9
Hugo_Sanchez,3867,00:02:41.083,22.5,25.3,41.5,35.3
Hugo_Sanchez,3868,00:02:41.125,23.2,25.0,42.4,35.8
Hugo_Sanchez,3869,00:02:41.166,24.2,24.5,43.1,36.2
Hugo_Sanchez,3870,00:02:41.208,24.5,25.2,43.6,36.8
Hugo_Sanchez,3871,00:02:41.250,23.9,25.5,43.8,37.3
Hugo_Sanchez,3872,00:02:41.291,22.3,25.9,43.9,37.8
Hugo_Sanchez,3873,00:02:41.333,20.5,26.0,44.0,38.2
Hugo_Sanchez,3874,00:02:41.375,19.6,26.2,44.0,38.5
Hugo_Sanchez,3875,00:02:41.416,20.5,26.2,44.2,38.7
Hugo_Sanchez,3876,00:02:41.458,24.1,26.4,44.6,38.7
Hugo_Sanchez,3877,00:02:41.500,28.7,26.2,45.1,38.5
Hugo_Sanchez,3878,00:02:41.541,33.1,26.6,45.9,38.2
Hugo_Sanchez,3879,00:02:41.583,36.5,26.9,46.8,37.8
Hugo_Sanchez,3880,00:02:41.625,39.7,27.1,47.8,37.3
Hugo_Sanchez,3881,00:02:41.666,40.4,27.4,48.7,36.8
Hugo_Sanchez,3882,00:02:41.708,38.6,27.8,49.6,36.2
Hugo_Sanchez,3883,00:02:41.750,36.7,28.0,50.3,35.7
Hugo_Sanchez,3884,00:02:41.791,36.7,28.5,50.8,35.2
Hugo_Sanchez,3885,00:02:41.833,39.0,29.4,50.9,34.6
Hugo_Sanchez,3886,00:02:41.875,41.8,29.7,50.8,34.0
Hugo_Sanchez,3887,00:02:41.916,42.9,30.1,50.3,33.4
Hugo_Sanchez,3888,00:02:41.958,42.0,31.6,49.4,32.8
Hugo_Sanchez,3889,00:02:42.000,41.0,30.8,48.2,32.1
Hugo_Sanchez,3890,00:02:42.041,40.7,30.2,46.7,31.6
Hugo_Sanchez,3891,00:02:42.083,41.6,30.1,45.0,31.1
Hugo_Sanchez,3892,00:02:42.125,44.3,29.6,43.0,30.8
Hugo_Sanchez,3893,00:02:42.166,47.2,29.4,41.0,30.6
Hugo_Sanchez,3894,00:02:42.208,48.6,29.5,39.0,30.6
Hugo_Sanchez,3895,00:02:42.250,49.6,29.4,37.0,30.7
Hugo_Sanchez,3896,00:02:42.291,49.9,28.7,35.2,31.1
Hugo_Sanchez,3897,00:02:42.333,49.3,28.3,33.7,31.5
Hugo_Sanchez,3898,00:02:42.375,47.4,27.5,32.4,32.0
Hugo_Sanchez,3899,00:02:42.416,43.2,27.7,31.3,32.5
Hugo_Sanchez,3900,00:02:42.458,36.8,28.1,30.3,32.8
Hugo_Sanchez,3901,00:02:42.500,28.5,28.2,29.3,33.0
Hugo_Sanchez,3902,00:02:42.541,21.5,28.3,28.0,32.8
Hugo_Sanchez,3903,00:02:42.583,17.8,28.6,26.4,32.5
Hugo_Sanchez,3904,00:02:42.625,16.3,28.0,24.5,31.8
Hugo_Sanchez,3905,00:02:42.666,16.9,26.4,22.4,31.0
Hugo_Sanchez,3906,00:02:42.708,20.0,26.5,20.0,30.1
Hugo_Sanchez,3907,00:02:42.750,25.8,26.3,17.8,29.2
Hugo_Sanchez,3908,00:02:42.791,33.0,24.1,15.8,28.4
Hugo_Sanchez,3909,00:02:42.833,40.4,23.2,14.4,27.8
Hugo_Sanchez,3910,00:02:42.875,46.9,23.0,13.5,27.4
Hugo_Sanchez,3911,00:02:42.916,51.2,22.8,13.4,27.3
Hugo_Sanchez,3912,00:02:42.958,57.0,22.6,13.8,27.3
Hugo_Sanchez,3913,00:02:43.000,66.9,22.1,14.7,27.4
Hugo_Sanchez,3914,00:02:43.041,69.8,22.6,16.0,27.7
Hugo_Sanchez,3915,00:02:43.083,70.9,22.7,17.6,27.9
Hugo_Sanchez,3916,00:02:43.125,71.9,23.2,19.4,28.1
Hugo_Sanchez,3917,00:02:43.166,72.6,23.2,21.2,28.1
Hugo_Sanchez,3918,00:02:43.208,71.4,23.6,23.1,28.1
Hugo_Sanchez,3919,00:02:43.250,67.9,23.4,24.9,28.0
Hugo_Sanchez,3920,00:02:43.291,61.4,23.7,26.7,28.0
Hugo_Sanchez,3921,00:02:43.333,52.4,23.7,28.3,28.0
Hugo_Sanchez,3922,00:02:43.375,43.4,24.1,29.8,28.2
Hugo_Sanchez,3923,00:02:43.416,36.8,24.3,31.2,28.7
Hugo_Sanchez,3924,00:02:43.458,32.7,25.1,32.6,29.5
Hugo_Sanchez,3925,00:02:43.500,31.1,25.0,34.1,30.6
Hugo_Sanchez,3926,00:02:43.541,31.6,26.0,35.6,31.9
Hugo_Sanchez,3927,00:02:43.583,34.8,28.0,37.2,33.4
Hugo_Sanchez,3928,00:02:43.625,40.3,30.7,38.8,35.0
Hugo_Sanchez,3929,00:02:43.666,45.8,31.5,40.4,36.5
Hugo_Sanchez,3930,00:02:43.708,49.4,32.9,41.9,38.0
Hugo_Sanchez,3931,00:02:43.750,50.7,33.5,43.2,39.3
Hugo_Sanchez,3932,00:02:43.791,50.6,36.3,44.4,40.6
Hugo_Sanchez,3933,00:02:43.833,51.2,37.3,45.4,41.8
Hugo_Sanchez,3934,00:02:43.875,52.9,36.9,46.2,43.0
Hugo_Sanchez,3935,00:02:43.916,54.4,36.9,46.9,44.0
Hugo_Sanchez,3936,00:02:43.958,51.2,38.1,47.4,45.0
Hugo_Sanchez,3937,00:02:44.000,42.7,37.8,47.4,45.6
Hugo_Sanchez,3938,00:02:44.041,40.5,36.6,46.8,45.9
Hugo_Sanchez,3939,00:02:44.083,41.8,38.3,45.5,45.7
Hugo_Sanchez,3940,00:02:44.125,45.4,38.6,43.4,45.0
Hugo_Sanchez,3941,00:02:44.166,49.0,36.6,40.4,43.7
Hugo_Sanchez,3942,00:02:44.208,50.8,23.4,36.7,42.2
Hugo_Sanchez,3943,00:02:44.250,52.8,23.4,32.6,40.4
Hugo_Sanchez,3944,00:02:44.291,54.7,23.6,28.6,38.7
Hugo_Sanchez,3945,00:02:44.333,56.1,24.1,25.1,37.2
Hugo_Sanchez,3946,00:02:44.375,57.2,24.9,22.4,35.9
Hugo_Sanchez,3947,00:02:44.416,57.5,25.3,21.0,35.0
Hugo_Sanchez,3948,00:02:44.458,57.3,25.4,20.9,34.5
Hugo_Sanchez,3949,00:02:44.500,57.0,26.6,21.9,34.4
Hugo_Sanchez,3950,00:02:44.541,56.1,26.8,23.7,34.5
Hugo_Sanchez,3951,00:02:44.583,53.9,29.0,26.0,35.0
Hugo_Sanchez,3952,00:02:44.625,50.3,29.3,28.5,35.9
Hugo_Sanchez,3953,00:02:44.666,46.1,29.4,30.8,37.0
Hugo_Sanchez,3954,00:02:44.708,42.1,29.1,33.0,38.3
Hugo_Sanchez,3955,00:02:44.750,38.8,28.7,35.0,39.7
Hugo_Sanchez,3956,00:02:44.791,36.3,28.4,36.9,41.2
Hugo_Sanchez,3957,00:02:44.833,35.0,27.4,38.9,42.4
Hugo_Sanchez,3958,00:02:44.875,34.4,28.5,41.1,43.4
Hugo_Sanchez,3959,00:02:44.916,31.8,28.8,43.4,43.9
Hugo_Sanchez,3960,00:02:44.958,27.2,29.9,45.5,44.1
Hugo_Sanchez,3961,00:02:45.000,24.9,30.4,47.5,44.0
Hugo_Sanchez,3962,00:02:45.041,24.7,30.6,48.9,43.5
Hugo_Sanchez,3963,00:02:45.083,24.8,30.1,49.8,43.0
Hugo_Sanchez,3964,00:02:45.125,27.4,30.3,49.9,42.5
Hugo_Sanchez,3965,00:02:45.166,32.0,29.0,49.4,42.1
Hugo_Sanchez,3966,00:02:45.208,37.0,28.2,48.4,42.0
Hugo_Sanchez,3967,00:02:45.250,42.8,28.9,46.9,42.2
Hugo_Sanchez,3968,00:02:45.291,47.3,29.4,44.9,42.6
Hugo_Sanchez,3969,00:02:45.333,48.9,30.2,42.6,43.1
Hugo_Sanchez,3970,00:02:45.375,47.8,29.5,39.9,43.5
Hugo_Sanchez,3971,00:02:45.416,45.4,28.6,36.9,43.7
Hugo_Sanchez,3972,00:02:45.458,43.9,29.6,33.6,43.6
Hugo_Sanchez,3973,00:02:45.500,44.3,28.7,30.1,43.0
Hugo_Sanchez,3974,00:02:45.541,45.4,27.5,26.7,42.1
Hugo_Sanchez,3975,00:02:45.583,46.5,27.3,23.4,40.9
Hugo_Sanchez,3976,00:02:45.625,47.3,27.3,20.5,39.7
Hugo_Sanchez,3977,00:02:45.666,47.6,26.2,18.1,38.7
Hugo_Sanchez,3978,00:02:45.708,48.0,25.9,16.5,38.1
Hugo_Sanchez,3979,00:02:45.750,50.9,25.8,15.6,37.9
Hugo_Sanchez,3980,00:02:45.791,56.9,26.1,15.5,38.1
Hugo_Sanchez,3981,00:02:45.833,63.4,26.1,16.1,38.7
Hugo_Sanchez,3982,00:02:45.875,69.3,26.5,17.3,39.6
Hugo_Sanchez,3983,00:02:45.916,71.9,27.6,18.9,40.6
Hugo_Sanchez,3984,00:02:45.958,65.2,29.1,20.8,41.7
Hugo_Sanchez,3985,00:02:46.000,50.8,29.5,22.8,42.7
Hugo_Sanchez,3986,00:02:46.041,47.4,30.0,24.6,43.6
Hugo_Sanchez,3987,00:02:46.083,47.4,30.4,26.1,44.3
Hugo_Sanchez,3988,00:02:46.125,49.8,31.0,27.2,44.9
Hugo_Sanchez,3989,00:02:46.166,52.5,31.5,27.9,45.4
Hugo_Sanchez,3990,00:02:46.208,54.8,31.8,28.0,45.6
Hugo_Sanchez,3991,00:02:46.250,58.1,32.2,27.9,45.8
Hugo_Sanchez,3992,00:02:46.291,62.1,32.2,27.8,45.9
Hugo_Sanchez,3993,00:02:46.333,65.7,31.8,27.8,45.9
Hugo_Sanchez,3994,00:02:46.375,67.8,31.2,28.3,45.9
Hugo_Sanchez,3995,00:02:46.416,68.2,31.8,29.3,45.8
Hugo_Sanchez,3996,00:02:46.458,67.2,32.2,31.0,45.6
Hugo_Sanchez,3997,00:02:46.500,64.6,32.3,33.3,45.3
Hugo_Sanchez,3998,00:02:46.541,60.5,32.2,36.0,45.0
Hugo_Sanchez,3999,00:02:46.583,54.8,31.8,38.9,44.7
Hugo_Sanchez,4000,00:02:46.625,47.4,32.0,41.8,44.6
Hugo_Sanchez,4001,00:02:46.666,41.2,32.3,44.4,44.8
Hugo_Sanchez,4002,00:02:46.708,39.8,32.3,46.6,45.5
Hugo_Sanchez,4003,00:02:46.750,41.5,31.8,48.4,46.8
Hugo_Sanchez,4004,00:02:46.791,43.9,30.2,49.6,48.8
Hugo_Sanchez,4005,00:02:46.833,46.7,29.9,50.5,51.5
Hugo_Sanchez,4006,00:02:46.875,49.9,29.8,51.0,54.6
Hugo_Sanchez,4007,00:02:46.916,52.6,28.2,51.3,58.1
Hugo_Sanchez,4008,00:02:46.958,53.4,27.1,51.5,61.6
Hugo_Sanchez,4009,00:02:47.000,52.5,38.2,51.5,65.0
Hugo_Sanchez,4010,00:02:47.041,53.6,38.3,51.3,67.9
Hugo_Sanchez,4011,00:02:47.083,55.3,38.5,51.1,70.3
Hugo_Sanchez,4012,00:02:47.125,55.9,38.6,50.8,72.1
Hugo_Sanchez,4013,00:02:47.166,54.3,39.0,50.4,73.3
Hugo_Sanchez,4014,00:02:47.208,51.4,39.0,49.9,73.8
Hugo_Sanchez,4015,00:02:47.250,48.6,39.1,49.4,73.9
Hugo_Sanchez,4016,00:02:47.291,46.2,39.1,48.9,73.6
Hugo_Sanchez,4017,00:02:47.333,44.4,39.5,48.4,73.0
Hugo_Sanchez,4018,00:02:47.375,43.5,39.5,47.9,72.3
Hugo_Sanchez,4019,00:02:47.416,43.2,39.5,47.4,71.5
Hugo_Sanchez,4020,00:02:47.458,43.4,39.3,47.0,70.8
Hugo_Sanchez,4021,00:02:47.500,43.4,39.6,46.5,70.2
Hugo_Sanchez,4022,00:02:47.541,42.6,39.5,46.1,69.8
Hugo_Sanchez,4023,00:02:47.583,40.9,39.9,45.7,69.5
Hugo_Sanchez,4024,00:02:47.625,39.1,40.1,45.3,69.4
Hugo_Sanchez,4025,00:02:47.666,38.3,40.5,45.0,69.3
Hugo_Sanchez,4026,00:02:47.708,38.3,40.5,44.7,69.3
Hugo_Sanchez,4027,00:02:47.750,38.6,40.9,44.4,69.3
Hugo_Sanchez,4028,00:02:47.791,39.2,40.9,44.2,69.3
Hugo_Sanchez,4029,00:02:47.833,39.9,41.2,43.9,69.3
Hugo_Sanchez,4030,00:02:47.875,41.1,41.1,43.7,69.3
Hugo_Sanchez,4031,00:02:47.916,42.9,41.1,43.5,69.3
Hugo_Sanchez,4032,00:02:47.958,45.7,41.0,43.3,69.3
Hugo_Sanchez,4033,00:02:48.000,49.6,40.7,43.1,69.4
Hugo_Sanchez,4034,00:02:48.041,50.8,40.6,43.0,69.7
Hugo_Sanchez,4035,00:02:48.083,51.4,40.6,43.1,70.0
Hugo_Sanchez,4036,00:02:48.125,50.5,40.6,43.2,70.5
Hugo_Sanchez,4037,00:02:48.166,48.1,40.8,43.5,71.0
Hugo_Sanchez,4038,00:02:48.208,44.9,40.8,43.9,71.6
Hugo_Sanchez,4039,00:02:48.250,42.1,40.9,44.4,72.1
Hugo_Sanchez,4040,00:02:48.291,39.9,40.8,44.9,72.6
Hugo_Sanchez,4041,00:02:48.333,38.3,41.1,45.5,72.9
Hugo_Sanchez,4042,00:02:48.375,37.0,40.9,46.0,73.1
Hugo_Sanchez,4043,00:02:48.416,36.0,40.8,46.5,73.2
Hugo_Sanchez,4044,00:02:48.458,35.0,40.7,47.0,73.2
Hugo_Sanchez,4045,00:02:48.500,34.1,40.8,47.4,73.2
Hugo_Sanchez,4046,00:02:48.541,34.0,40.5,47.7,73.0
Hugo_Sanchez,4047,00:02:48.583,35.0,40.5,48.1,72.8
Hugo_Sanchez,4048,00:02:48.625,37.0,40.3,48.5,72.4
Hugo_Sanchez,4049,00:02:48.666,39.6,40.5,48.9,71.7
Hugo_Sanchez,4050,00:02:48.708,42.1,40.2,49.6,70.6
Hugo_Sanchez,4051,00:02:48.750,44.2,40.2,50.4,68.9
Hugo_Sanchez,4052,00:02:48.791,46.0,40.0,51.5,66.5
Hugo_Sanchez,4053,00:02:48.833,47.7,39.8,52.8,63.5
Hugo_Sanchez,4054,00:02:48.875,49.4,39.6,54.1,60.0
Hugo_Sanchez,4055,00:02:48.916,50.5,39.6,55.4,56.1
Hugo_Sanchez,4056,00:02:48.958,47.1,26.0,56.6,52.2
Hugo_Sanchez,4057,00:02:49.000,40.4,26.0,57.5,48.5
Hugo_Sanchez,4058,00:02:49.041,39.9,26.1,58.0,45.1
Hugo_Sanchez,4059,00:02:49.083,40.9,26.1,58.1,42.2
Hugo_Sanchez,4060,00:02:49.125,41.7,25.9,57.9,39.8
Hugo_Sanchez,4061,00:02:49.166,41.4,25.9,57.3,37.9
Hugo_Sanchez,4062,00:02:49.208,40.7,25.8,56.5,36.4
Hugo_Sanchez,4063,00:02:49.250,40.5,25.7,55.6,35.2
Hugo_Sanchez,4064,00:02:49.291,40.7,25.6,54.7,34.2
Hugo_Sanchez,4065,00:02:49.333,41.0,25.4,53.9,33.4
Hugo_Sanchez,4066,00:02:49.375,41.3,25.2,53.0,32.8
Hugo_Sanchez,4067,00:02:49.416,41.4,25.2,52.2,32.4
Hugo_Sanchez,4068,00:02:49.458,41.9,25.0,51.5,32.2
Hugo_Sanchez,4069,00:02:49.500,44.1,24.9,50.8,32.2
Hugo_Sanchez,4070,00:02:49.541,49.4,24.9,50.0,32.5
Hugo_Sanchez,4071,00:02:49.583,56.5,25.1,49.2,33.0
Hugo_Sanchez,4072,00:02:49.625,62.6,25.1,48.4,33.7
Hugo_Sanchez,4073,00:02:49.666,66.5,25.1,47.6,34.6
Hugo_Sanchez,4074,00:02:49.708,69.8,25.1,46.8,35.6
Hugo_Sanchez,4075,00:02:49.750,72.8,25.0,46.1,36.7
Hugo_Sanchez,4076,00:02:49.791,74.7,24.7,45.5,37.9
Hugo_Sanchez,4077,00:02:49.833,76.0,24.7,45.1,39.2
Hugo_Sanchez,4078,00:02:49.875,77.2,24.9,44.9,40.5
Hugo_Sanchez,4079,00:02:49.916,76.1,25.0,44.9,41.7
Hugo_Sanchez,4080,00:02:49.958,75.1,25.0,45.1,42.7
Hugo_Sanchez,4081,00:02:50.000,79.9,25.2,45.4,43.5
Hugo_Sanchez,4082,00:02:50.041,82.7,25.0,45.9,43.9
Hugo_Sanchez,4083,00:02:50.083,82.1,24.7,46.4,44.0
Hugo_Sanchez,4084,00:02:50.125,80.7,24.6,47.1,43.6
Hugo_Sanchez,4085,00:02:50.166,80.3,24.5,47.9,43.0
Hugo_Sanchez,4086,00:02:50.208,81.7,24.3,48.8,42.1
Hugo_Sanchez,4087,00:02:50.250,82.5,24.2,49.7,41.0
Hugo_Sanchez,4088,00:02:50.291,81.5,24.4,50.7,39.9
Hugo_Sanchez,4089,00:02:50.333,78.3,24.5,51.7,38.8
Hugo_Sanchez,4090,00:02:50.375,73.6,24.7,52.6,37.9
Hugo_Sanchez,4091,00:02:50.416,71.7,24.9,53.4,37.2
Hugo_Sanchez,4092,00:02:50.458,72.1,25.0,53.8,36.6
Hugo_Sanchez,4093,00:02:50.500,73.3,25.0,53.9,36.2
Hugo_Sanchez,4094,00:02:50.541,73.5,25.1,53.5,36.0
Hugo_Sanchez,4095,00:02:50.583,71.7,25.0,52.8,36.0
Hugo_Sanchez,4096,00:02:50.625,67.7,24.7,51.8,36.3
Hugo_Sanchez,4097,00:02:50.666,61.0,24.2,50.6,36.8
Hugo_Sanchez,4098,00:02:50.708,50.9,24.0,49.5,37.8
Hugo_Sanchez,4099,00:02:50.750,42.3,23.8,48.5,39.2
Hugo_Sanchez,4100,00:02:50.791,42.0,23.6,47.8,41.1
Hugo_Sanchez,4101,00:02:50.833,46.4,23.5,47.4,43.4
Hugo_Sanchez,4102,00:02:50.875,52.2,28.5,47.4,46.0
Hugo_Sanchez,4103,00:02:50.916,55.4,28.8,47.6,48.7
Hugo_Sanchez,4104,00:02:50.958,60.2,29.1,48.0,51.3
Hugo_Sanchez,4105,00:02:51.000,73.5,29.1,48.4,53.5
Hugo_Sanchez,4106,00:02:51.041,77.7,29.3,48.7,55.2
Hugo_Sanchez,4107,00:02:51.083,80.4,29.5,48.8,56.4
Hugo_Sanchez,4108,00:02:51.125,82.6,29.5,48.7,56.9
Hugo_Sanchez,4109,00:02:51.166,83.9,29.8,48.5,56.9
Hugo_Sanchez,4110,00:02:51.208,84.4,29.8,48.1,56.4
Hugo_Sanchez,4111,00:02:51.250,84.5,30.2,47.6,55.6
Hugo_Sanchez,4112,00:02:51.291,84.2,30.1,47.0,54.6
Hugo_Sanchez,4113,00:02:51.333,83.5,30.4,46.3,53.5
Hugo_Sanchez,4114,00:02:51.375,81.9,30.4,45.5,52.4
Hugo_Sanchez,4115,00:02:51.416,79.2,30.5,44.6,51.3
Hugo_Sanchez,4116,00:02:51.458,76.2,30.3,43.6,50.4
Hugo_Sanchez,4117,00:02:51.500,73.9,30.2,42.5,49.5
Hugo_Sanchez,4118,00:02:51.541,72.6,29.8,41.4,48.6
Hugo_Sanchez,4119,00:02:51.583,72.2,29.7,40.3,47.9
Hugo_Sanchez,4120,00:02:51.625,72.0,29.4,39.3,47.2
Hugo_Sanchez,4121,00:02:51.666,71.3,29.6,38.6,46.5
Hugo_Sanchez,4122,00:02:51.708,69.3,29.7,38.1,45.9
Hugo_Sanchez,4123,00:02:51.750,65.2,30.0,38.0,45.4
Hugo_Sanchez,4124,00:02:51.791,59.3,29.9,38.2,45.1
Hugo_Sanchez,4125,00:02:51.833,52.7,29.9,38.6,44.9
Hugo_Sanchez,4126,00:02:51.875,45.3,30.1,39.2,44.9
Hugo_Sanchez,4127,00:02:51.916,34.9,30.1,39.7,44.9
Hugo_Sanchez,4128,00:02:51.958,29.2,31.0,40.1,45.1
Hugo_Sanchez,4129,00:02:52.000,33.0,32.5,40.4,45.2
Hugo_Sanchez,4130,00:02:52.041,34.1,32.5,40.5,45.4
Hugo_Sanchez,4131,00:02:52.083,35.8,32.5,40.4,45.6
Hugo_Sanchez,4132,00:02:52.125,38.4,32.2,40.3,45.8
Hugo_Sanchez,4133,00:02:52.166,40.2,32.0,40.2,46.0
Hugo_Sanchez,4134,00:02:52.208,40.4,31.7,40.2,46.4
Hugo_Sanchez,4135,00:02:52.250,39.0,31.7,40.4,46.8
Hugo_Sanchez,4136,00:02:52.291,36.9,31.6,40.6,47.2
Hugo_Sanchez,4137,00:02:52.333,35.6,31.3,40.9,47.7
Hugo_Sanchez,4138,00:02:52.375,36.4,30.9,41.2,48.2
Hugo_Sanchez,4139,00:02:52.416,36.5,30.7,41.4,48.6
Hugo_Sanchez,4140,00:02:52.458,35.5,30.4,41.4,48.9
Hugo_Sanchez,4141,00:02:52.500,33.5,30.9,41.2,49.1
Hugo_Sanchez,4142,00:02:52.541,31.2,30.9,40.7,48.9
Hugo_Sanchez,4143,00:02:52.583,31.1,31.4,40.2,48.4
Hugo_Sanchez,4144,00:02:52.625,35.8,31.5,39.6,47.4
Hugo_Sanchez,4145,00:02:52.666,41.5,31.3,39.2,45.8
Hugo_Sanchez,4146,00:02:52.708,44.2,30.6,38.9,43.8
Hugo_Sanchez,4147,00:02:52.750,44.5,31.2,38.9,41.5
Hugo_Sanchez,4148,00:02:52.791,43.5,31.3,39.2,39.0
Hugo_Sanchez,4149,00:02:52.833,41.2,27.7,39.8,36.6
Hugo_Sanchez,4150,00:02:52.875,39.5,27.8,40.6,34.4
Hugo_Sanchez,4151,00:02:52.916,39.6,28.0,41.5,32.5
Hugo_Sanchez,4152,00:02:52.958,40.6,28.1,42.6,31.1
Hugo_Sanchez,4153,00:02:53.000,43.8,28.1,43.8,29.9
Hugo_Sanchez,4154,00:02:53.041,48.6,28.4,45.0,29.1
Hugo_Sanchez,4155,00:02:53.083,58.2,28.6,46.2,28.6
Hugo_Sanchez,4156,00:02:53.125,68.0,28.7,47.4,28.1
Hugo_Sanchez,4157,00:02:53.166,74.3,28.6,48.5,27.8
Hugo_Sanchez,4158,00:02:53.208,77.9,28.4,49.5,27.5
Hugo_Sanchez,4159,00:02:53.250,78.8,28.4,50.5,27.2
Hugo_Sanchez,4160,00:02:53.291,77.0,27.9,51.4,27.0
Hugo_Sanchez,4161,00:02:53.333,72.5,27.5,52.4,26.9
Hugo_Sanchez,4162,00:02:53.375,65.9,27.4,53.2,26.8
Hugo_Sanchez,4163,00:02:53.416,58.5,27.3,54.1,26.8
Hugo_Sanchez,4164,00:02:53.458,51.8,27.1,54.8,27.0
Hugo_Sanchez,4165,00:02:53.500,47.2,27.0,55.5,27.5
Hugo_Sanchez,4166,00:02:53.541,45.0,27.1,56.1,28.3
Hugo_Sanchez,4167,00:02:53.583,44.6,27.4,56.6,29.5
Hugo_Sanchez,4168,00:02:53.625,45.1,27.4,57.1,31.0
Hugo_Sanchez,4169,00:02:53.666,46.5,27.5,57.6,33.0
Hugo_Sanchez,4170,00:02:53.708,48.1,27.6,58.1,35.3
Hugo_Sanchez,4171,00:02:53.750,50.1,27.8,58.7,38.0
Hugo_Sanchez,4172,00:02:53.791,52.6,28.1,59.3,41.0
Hugo_Sanchez,4173,00:02:53.833,55.4,28.4,59.8,44.1
Hugo_Sanchez,4174,00:02:53.875,57.9,28.7,60.2,47.4
Hugo_Sanchez,4175,00:02:53.916,59.6,29.0,60.3,50.9
Hugo_Sanchez,4176,00:02:53.958,61.5,29.3,60.0,54.3
Hugo_Sanchez,4177,00:02:54.000,65.4,29.6,59.4,57.8
Hugo_Sanchez,4178,00:02:54.041,66.5,29.6,58.5,61.1
Hugo_Sanchez,4179,00:02:54.083,67.5,29.9,57.4,64.3
Hugo_Sanchez,4180,00:02:54.125,65.1,30.0,56.2,67.0
Hugo_Sanchez,4181,00:02:54.166,59.3,46.9,54.9,69.5
Hugo_Sanchez,4182,00:02:54.208,51.1,46.7,53.8,71.4
Hugo_Sanchez,4183,00:02:54.250,42.7,46.8,52.8,72.9
Hugo_Sanchez,4184,00:02:54.291,36.8,46.8,52.1,74.0
Hugo_Sanchez,4185,00:02:54.333,33.5,47.2,51.5,74.8
Hugo_Sanchez,4186,00:02:54.375,31.0,47.1,51.0,75.3
Hugo_Sanchez,4187,00:02:54.416,29.4,47.2,50.7,75.7
Hugo_Sanchez,4188,00:02:54.458,28.5,47.3,50.5,75.9
Hugo_Sanchez,4189,00:02:54.500,28.1,47.8,50.2,76.1
Hugo_Sanchez,4190,00:02:54.541,27.9,47.8,50.0,76.2
Hugo_Sanchez,4191,00:02:54.583,28.0,47.9,49.9,76.3
Hugo_Sanchez,4192,00:02:54.625,28.4,47.8,49.7,76.4
Hugo_Sanchez,4193,00:02:54.666,28.8,48.1,49.5,76.5
Hugo_Sanchez,4194,00:02:54.708,29.1,48.1,49.4,76.5
Hugo_Sanchez,4195,00:02:54.750,29.3,48.1,49.2,76.6
Hugo_Sanchez,4196,00:02:54.791,29.8,48.1,49.1,76.6
Hugo_Sanchez,4197,00:02:54.833,31.2,48.3,49.0,76.7
Hugo_Sanchez,4198,00:02:54.875,34.7,48.1,48.9,76.6
Hugo_Sanchez,4199,00:02:54.916,42.5,48.1,48.8,76.6
Hugo_Sanchez,4200,00:02:54.958,50.1,48.2,48.8,76.5
Hugo_Sanchez,4201,00:02:55.000,52.2,49.3,48.7,76.4
Hugo_Sanchez,4202,00:02:55.041,56.0,49.0,48.7,76.3
Hugo_Sanchez,4203,00:02:55.083,56.1,49.1,48.8,76.2
Hugo_Sanchez,4204,00:02:55.125,50.4,48.9,48.8,76.2
Hugo_Sanchez,4205,00:02:55.166,43.5,49.2,48.8,76.1
Hugo_Sanchez,4206,00:02:55.208,38.4,49.2,48.9,76.1
Hugo_Sanchez,4207,00:02:55.250,35.7,49.3,48.9,76.1
Hugo_Sanchez,4208,00:02:55.291,34.8,49.2,48.9,76.1
Hugo_Sanchez,4209,00:02:55.333,34.8,49.4,49.0,76.0
Hugo_Sanchez,4210,00:02:55.375,35.0,49.1,49.0,76.0
Hugo_Sanchez,4211,00:02:55.416,35.1,49.2,49.0,75.9
Hugo_Sanchez,4212,00:02:55.458,35.1,49.0,49.0,75.7
Hugo_Sanchez,4213,00:02:55.500,34.9,49.2,49.0,75.5
Hugo_Sanchez,4214,00:02:55.541,34.6,48.9,49.0,75.3
Hugo_Sanchez,4215,00:02:55.583,34.4,48.8,49.0,75.1
Hugo_Sanchez,4216,00:02:55.625,34.2,48.4,49.0,74.8
Hugo_Sanchez,4217,00:02:55.666,34.0,48.6,48.9,74.6
Hugo_Sanchez,4218,00:02:55.708,33.6,48.5,48.9,74.4
Hugo_Sanchez,4219,00:02:55.750,33.1,48.7,48.8,74.2
Hugo_Sanchez,4220,00:02:55.791,33.2,48.5,48.8,74.1
Hugo_Sanchez,4221,00:02:55.833,34.3,48.7,48.8,74.0
Hugo_Sanchez,4222,00:02:55.875,37.6,48.5,48.8,74.0
Hugo_Sanchez,4223,00:02:55.916,44.7,48.6,48.8,73.9
Hugo_Sanchez,4224,00:02:55.958,52.5,48.6,48.8,73.9
Hugo_Sanchez,4225,00:02:56.000,57.9,48.9,48.8,74.0
Hugo_Sanchez,4226,00:02:56.041,62.2,48.8,48.9,74.0
Hugo_Sanchez,4227,00:02:56.083,63.2,48.9,49.0,74.2
Hugo_Sanchez,4228,00:02:56.125,59.9,48.9,49.1,74.4
Hugo_Sanchez,4229,00:02:56.166,54.4,48.9,49.3,74.7
Hugo_Sanchez,4230,00:02:56.208,49.5,48.8,49.6,75.1
Hugo_Sanchez,4231,00:02:56.250,46.3,48.8,49.9,75.5
Hugo_Sanchez,4232,00:02:56.291,44.9,48.7,50.2,76.0
Hugo_Sanchez,4233,00:02:56.333,44.5,48.8,50.5,76.4
Hugo_Sanchez,4234,00:02:56.375,44.4,48.6,50.8,76.7
Hugo_Sanchez,4235,00:02:56.416,44.1,48.6,51.0,77.0
Hugo_Sanchez,4236,00:02:56.458,43.4,48.6,51.2,77.1
Hugo_Sanchez,4237,00:02:56.500,42.8,48.9,51.4,77.2
Hugo_Sanchez,4238,00:02:56.541,42.4,48.9,51.4,77.2
Hugo_Sanchez,4239,00:02:56.583,42.6,49.0,51.5,77.1
Hugo_Sanchez,4240,00:02:56.625,43.1,48.8,51.5,77.0
Hugo_Sanchez,4241,00:02:56.666,43.7,49.1,51.5,76.8
Hugo_Sanchez,4242,00:02:56.708,44.1,48.9,51.6,76.6
Hugo_Sanchez,4243,00:02:56.750,44.4,48.9,51.6,76.3
Hugo_Sanchez,4244,00:02:56.791,45.1,48.8,51.7,76.0
Hugo_Sanchez,4245,00:02:56.833,46.8,49.2,51.8,75.7
Hugo_Sanchez,4246,00:02:56.875,50.2,49.1,51.9,75.4
Hugo_Sanchez,4247,00:02:56.916,55.7,49.2,52.0,75.1
Hugo_Sanchez,4248,00:02:56.958,59.3,49.3,52.1,74.9
Hugo_Sanchez,4249,00:02:57.000,60.0,48.9,52.2,74.7
Hugo_Sanchez,4250,00:02:57.041,63.5,49.0,52.3,74.5
Hugo_Sanchez,4251,00:02:57.083,65.2,49.0,52.3,74.5
Hugo_Sanchez,4252,00:02:57.125,62.3,49.0,52.2,74.5
Hugo_Sanchez,4253,00:02:57.166,56.9,49.2,52.2,74.6
Hugo_Sanchez,4254,00:02:57.208,51.5,49.2,52.1,74.7
Hugo_Sanchez,4255,00:02:57.250,48.0,49.2,51.9,74.9
Hugo_Sanchez,4256,00:02:57.291,46.1,49.1,51.8,75.1
Hugo_Sanchez,4257,00:02:57.333,45.3,49.3,51.6,75.3
Hugo_Sanchez,4258,00:02:57.375,45.1,49.0,51.5,75.5
Hugo_Sanchez,4259,00:02:57.416,45.2,49.0,51.3,75.6
Hugo_Sanchez,4260,00:02:57.458,45.5,48.9,51.1,75.6
Hugo_Sanchez,4261,00:02:57.500,46.0,49.2,51.0,75.3
Hugo_Sanchez,4262,00:02:57.541,46.5,49.1,50.8,74.8
Hugo_Sanchez,4263,00:02:57.583,47.0,49.2,50.7,73.9
Hugo_Sanchez,4264,00:02:57.625,47.3,49.1,50.5,72.7
Hugo_Sanchez,4265,00:02:57.666,47.3,49.3,50.2,71.2
Hugo_Sanchez,4266,00:02:57.708,47.1,49.2,49.9,69.5
Hugo_Sanchez,4267,00:02:57.750,47.2,49.2,49.6,67.7
Hugo_Sanchez,4268,00:02:57.791,48.2,49.2,49.3,65.9
Hugo_Sanchez,4269,00:02:57.833,50.3,34.8,49.0,64.4
Hugo_Sanchez,4270,00:02:57.875,53.6,34.7,48.7,63.1
Hugo_Sanchez,4271,00:02:57.916,57.9,35.0,48.4,62.1
Hugo_Sanchez,4272,00:02:57.958,67.5,34.5,48.2,61.4
Hugo_Sanchez,4273,00:02:58.000,82.7,33.8,48.0,60.9
Hugo_Sanchez,4274,00:02:58.041,86.1,33.4,47.9,60.5
Hugo_Sanchez,4275,00:02:58.083,87.2,34.6,47.7,60.3
Hugo_Sanchez,4276,00:02:58.125,88.0,34.7,47.7,60.0
Hugo_Sanchez,4277,00:02:58.166,88.8,35.1,47.6,59.8
Hugo_Sanchez,4278,00:02:58.208,89.4,35.1,47.7,59.6
Hugo_Sanchez,4279,00:02:58.250,89.8,36.0,47.8,59.4
Hugo_Sanchez,4280,00:02:58.291,89.9,36.0,48.0,59.2
Hugo_Sanchez,4281,00:02:58.333,89.8,36.5,48.2,59.0
Hugo_Sanchez,4282,00:02:58.375,89.7,36.4,48.4,58.9
Hugo_Sanchez,4283,00:02:58.416,89.4,36.3,48.6,58.8
Hugo_Sanchez,4284,00:02:58.458,89.0,36.2,48.9,58.7
Hugo_Sanchez,4285,00:02:58.500,88.6,36.3,49.0,58.8
Hugo_Sanchez,4286,00:02:58.541,88.3,36.0,49.0,59.0
Hugo_Sanchez,4287,00:02:58.583,88.1,36.1,48.8,59.4
Hugo_Sanchez,4288,00:02:58.625,88.2,36.2,48.5,60.0
Hugo_Sanchez,4289,00:02:58.666,88.2,36.4,48.1,60.8
Hugo_Sanchez,4290,00:02:58.708,87.9,36.2,47.5,61.7
Hugo_Sanchez,4291,00:02:58.750,87.0,35.2,46.9,62.6
Hugo_Sanchez,4292,00:02:58.791,85.6,34.0,46.4,63.5
Hugo_Sanchez,4293,00:02:58.833,84.0,34.0,45.8,64.3
Hugo_Sanchez,4294,00:02:58.875,81.7,34.1,45.4,64.9
Hugo_Sanchez,4295,00:02:58.916,77.0,34.4,45.0,65.3
Hugo_Sanchez,4296,00:02:58.958,67.0,34.1,44.8,65.6
Hugo_Sanchez,4297,00:02:59.000,55.3,34.4,44.6,65.8
Hugo_Sanchez,4298,00:02:59.041,51.4,34.2,44.5,65.9
Hugo_Sanchez,4299,00:02:59.083,48.5,34.1,44.5,66.1
Hugo_Sanchez,4300,00:02:59.125,46.3,33.2,44.5,66.5
Hugo_Sanchez,4301,00:02:59.166,45.0,32.8,44.6,67.0
Hugo_Sanchez,4302,00:02:59.208,43.5,32.8,44.8,67.6
Hugo_Sanchez,4303,00:02:59.250,42.3,34.0,44.9,68.2
Hugo_Sanchez,4304,00:02:59.291,41.7,35.5,45.1,68.8
Hugo_Sanchez,4305,00:02:59.333,41.7,35.9,45.1,69.2
Hugo_Sanchez,4306,00:02:59.375,42.2,35.9,45.1,69.3
Hugo_Sanchez,4307,00:02:59.416,42.5,36.3,44.9,69.2
Hugo_Sanchez,4308,00:02:59.458,41.5,36.4,44.6,68.8
Hugo_Sanchez,4309,00:02:59.500,39.0,36.2,44.2,68.2
Hugo_Sanchez,4310,00:02:59.541,35.6,36.4,43.6,67.7
Hugo_Sanchez,4311,00:02:59.583,32.7,28.9,43.1,67.5
Hugo_Sanchez,4312,00:02:59.625,32.4,29.3,42.5,67.6
Hugo_Sanchez,4313,00:02:59.666,36.9,30.3,41.9,68.1
Hugo_Sanchez,4314,00:02:59.708,42.5,29.3,41.2,69.0
Hugo_Sanchez,4315,00:02:59.750,46.0,29.8,40.5,69.9
Hugo_Sanchez,4316,00:02:59.791,48.3,29.6,39.7,70.6
Hugo_Sanchez,4317,00:02:59.833,51.9,31.5,38.9,70.8
Hugo_Sanchez,4318,00:02:59.875,55.2,34.0,37.9,70.5
Hugo_Sanchez,4319,00:02:59.916,56.8,31.8,37.0,69.4
Hugo_Sanchez,4320,00:02:59.958,57.5,32.0,36.1,67.8
Hugo_Sanchez,4321,00:03:00.000,71.1,32.5,35.4,66.0
Hugo_Sanchez,4322,00:03:00.041,72.9,34.9,34.9,64.0
Hugo_Sanchez,4323,00:03:00.083,74.6,36.0,34.6,62.4
Hugo_Sanchez,4324,00:03:00.125,75.4,33.4,34.5,61.2
Hugo_Sanchez,4325,00:03:00.166,75.3,32.8,34.6,60.6
Hugo_Sanchez,4326,00:03:00.208,73.8,35.8,34.9,60.6
Hugo_Sanchez,4327,00:03:00.250,71.4,33.0,35.2,61.0
Hugo_Sanchez,4328,00:03:00.291,68.2,30.9,35.6,61.7
Hugo_Sanchez,4329,00:03:00.333,65.2,30.8,35.9,62.3
Hugo_Sanchez,4330,00:03:00.375,63.3,30.8,36.0,62.9
Hugo_Sanchez,4331,00:03:00.416,62.9,34.1,36.1,63.1
Hugo_Sanchez,4332,00:03:00.458,63.9,35.7,36.1,63.1
Hugo_Sanchez,4333,00:03:00.500,65.8,30.7,36.0,62.7
Hugo_Sanchez,4334,00:03:00.541,68.5,29.3,35.9,62.1
Hugo_Sanchez,4335,00:03:00.583,71.4,30.4,36.1,61.5
Hugo_Sanchez,4336,00:03:00.625,74.0,33.0,36.4,60.9
Hugo_Sanchez,4337,00:03:00.666,75.8,34.1,37.2,60.5
Hugo_Sanchez,4338,00:03:00.708,77.1,33.8,38.3,60.3
Hugo_Sanchez,4339,00:03:00.750,77.6,33.0,39.9,60.2
Hugo_Sanchez,4340,00:03:00.791,77.4,33.7,41.7,60.3
Hugo_Sanchez,4341,00:03:00.833,76.6,31.1,43.8,60.3
Hugo_Sanchez,4342,00:03:00.875,75.3,29.6,46.0,60.3
Hugo_Sanchez,4343,00:03:00.916,71.3,29.2,47.9,60.1
Hugo_Sanchez,4344,00:03:00.958,70.5,29.2,49.6,59.7
Hugo_Sanchez,4345,00:03:01.000,78.8,29.3,50.8,59.1
Hugo_Sanchez,4346,00:03:01.041,81.4,28.7,51.5,58.2
Hugo_Sanchez,4347,00:03:01.083,82.8,28.4,51.6,57.2
Hugo_Sanchez,4348,00:03:01.125,83.8,29.2,51.4,56.1
Hugo_Sanchez,4349,00:03:01.166,84.3,31.6,51.0,54.8
Hugo_Sanchez,4350,00:03:01.208,83.8,35.7,50.6,53.4
Hugo_Sanchez,4351,00:03:01.250,83.2,32.3,50.5,51.8
Hugo_Sanchez,4352,00:03:01.291,82.8,30.4,50.9,50.1
Hugo_Sanchez,4353,00:03:01.333,83.2,29.8,51.9,48.4
Hugo_Sanchez,4354,00:03:01.375,84.1,30.1,53.4,46.6
Hugo_Sanchez,4355,00:03:01.416,85.2,33.5,55.4,44.9
Hugo_Sanchez,4356,00:03:01.458,85.8,21.3,57.6,43.3
Hugo_Sanchez,4357,00:03:01.500,85.5,21.3,59.8,41.9
Hugo_Sanchez,4358,00:03:01.541,84.4,21.3,61.8,40.7
Hugo_Sanchez,4359,00:03:01.583,82.8,21.3,63.4,39.8
Hugo_Sanchez,4360,00:03:01.625,81.0,21.3,64.6,39.1
Hugo_Sanchez,4361,00:03:01.666,79.3,21.3,65.4,38.6
Hugo_Sanchez,4362,00:03:01.708,78.3,21.3,65.8,38.3
Hugo_Sanchez,4363,00:03:01.750,78.3,21.3,66.1,38.1
Hugo_Sanchez,4364,00:03:01.791,78.5,21.3,66.2,37.9
Hugo_Sanchez,4365,00:03:01.833,78.7,21.3,66.2,37.8
Hugo_Sanchez,4366,00:03:01.875,78.9,21.3,66.2,37.8
Hugo_Sanchez,4367,00:03:01.916,76.7,21.3,66.2,37.7
Hugo_Sanchez,4368,00:03:01.958,73.7,21.3,66.2,37.7
Hugo_Sanchez,4369,00:03:02.000,74.2,21.3,66.2,37.7
Hugo_Sanchez,4370,00:03:02.041,74.5,21.3,66.2,37.8
Hugo_Sanchez,4371,00:03:02.083,74.9,21.3,66.5,37.9
Hugo_Sanchez,4372,00:03:02.125,76.1,21.3,66.8,38.2
Hugo_Sanchez,4373,00:03:02.166,77.1,21.3,67.4,38.7
Hugo_Sanchez,4374,00:03:02.208,77.2,21.3,68.3,39.2
Hugo_Sanchez,4375,00:03:02.250,76.4,21.3,69.4,39.9
Hugo_Sanchez,4376,00:03:02.291,75.1,21.3,70.8,40.6
Hugo_Sanchez,4377,00:03:02.333,74.7,21.6,72.3,41.4
Hugo_Sanchez,4378,00:03:02.375,76.8,22.1,73.9,42.1
Hugo_Sanchez,4379,00:03:02.416,79.6,22.5,75.4,42.8
Hugo_Sanchez,4380,00:03:02.458,82.5,23.0,76.8,43.4
Hugo_Sanchez,4381,00:03:02.500,84.8,24.4,78.1,44.0
Hugo_Sanchez,4382,00:03:02.541,86.0,25.1,79.0,44.5
Hugo_Sanchez,4383,00:03:02.583,86.0,25.1,79.8,44.9
Hugo_Sanchez,4384,00:03:02.625,84.8,25.1,80.3,45.2
Hugo_Sanchez,4385,00:03:02.666,82.8,25.1,80.6,45.5
Hugo_Sanchez,4386,00:03:02.708,80.7,25.1,80.8,45.7
Hugo_Sanchez,4387,00:03:02.750,79.0,25.1,80.9,45.9
Hugo_Sanchez,4388,00:03:02.791,78.0,25.1,80.9,46.0
Hugo_Sanchez,4389,00:03:02.833,77.7,25.1,80.9,46.1
Hugo_Sanchez,4390,00:03:02.875,77.8,25.2,80.8,46.3
Hugo_Sanchez,4391,00:03:02.916,76.4,25.2,80.7,46.4
Hugo_Sanchez,4392,00:03:02.958,73.7,25.2,80.6,46.5
Hugo_Sanchez,4393,00:03:03.000,73.0,25.2,80.5,46.6
Hugo_Sanchez,4394,00:03:03.041,73.4,25.2,80.3,46.6
Hugo_Sanchez,4395,00:03:03.083,73.7,25.2,80.2,46.7
Hugo_Sanchez,4396,00:03:03.125,74.5,25.2,80.0,46.8
Hugo_Sanchez,4397,00:03:03.166,75.4,25.2,79.9,46.8
Hugo_Sanchez,4398,00:03:03.208,75.8,25.2,79.7,46.8
Hugo_Sanchez,4399,00:03:03.250,75.9,25.2,79.6,46.7
Hugo_Sanchez,4400,00:03:03.291,76.0,25.3,79.4,46.6
Hugo_Sanchez,4401,00:03:03.333,76.0,25.3,79.2,46.3
Hugo_Sanchez,4402,00:03:03.375,75.9,25.3,79.0,45.8
Hugo_Sanchez,4403,00:03:03.416,76.0,25.3,78.8,45.0
Hugo_Sanchez,4404,00:03:03.458,76.3,25.3,78.5,44.1
Hugo_Sanchez,4405,00:03:03.500,77.0,25.3,78.1,43.0
Hugo_Sanchez,4406,00:03:03.541,77.9,25.3,77.7,41.7
Hugo_Sanchez,4407,00:03:03.583,79.0,24.5,77.1,40.5
Hugo_Sanchez,4408,00:03:03.625,80.7,23.9,76.3,39.4
Hugo_Sanchez,4409,00:03:03.666,82.1,22.6,75.5,38.6
Hugo_Sanchez,4410,00:03:03.708,82.8,22.3,74.5,38.0
Hugo_Sanchez,4411,00:03:03.750,82.7,22.0,73.3,37.7
Hugo_Sanchez,4412,00:03:03.791,81.9,21.9,72.1,37.5
Hugo_Sanchez,4413,00:03:03.833,81.0,21.5,70.9,37.3
Hugo_Sanchez,4414,00:03:03.875,79.6,21.5,69.6,37.1
Hugo_Sanchez,4415,00:03:03.916,76.0,21.4,68.4,36.7
Hugo_Sanchez,4416,00:03:03.958,72.9,21.4,67.3,36.1
Hugo_Sanchez,4417,00:03:04.000,75.1,21.3,66.5,35.4
Hugo_Sanchez,4418,00:03:04.041,75.6,21.3,65.8,34.6
Hugo_Sanchez,4419,00:03:04.083,76.2,21.3,65.5,33.7
Hugo_Sanchez,4420,00:03:04.125,77.3,21.3,65.4,32.8
Hugo_Sanchez,4421,00:03:04.166,78.2,21.3,65.5,32.0
Hugo_Sanchez,4422,00:03:04.208,78.4,21.6,65.7,31.1
Hugo_Sanchez,4423,00:03:04.250,78.4,21.6,66.1,30.3
Hugo_Sanchez,4424,00:03:04.291,78.7,21.7,66.5,29.5
Hugo_Sanchez,4425,00:03:04.333,79.1,22.0,66.8,28.8
Hugo_Sanchez,4426,00:03:04.375,79.9,22.3,67.0,28.0
Hugo_Sanchez,4427,00:03:04.416,81.0,22.7,67.1,27.3
Hugo_Sanchez,4428,00:03:04.458,82.0,22.7,67.2,26.6
Hugo_Sanchez,4429,00:03:04.500,83.0,23.0,67.2,26.0
Hugo_Sanchez,4430,00:03:04.541,83.5,22.9,67.1,25.5
Hugo_Sanchez,4431,00:03:04.583,83.8,23.0,67.0,25.1
Hugo_Sanchez,4432,00:03:04.625,83.9,22.9,66.9,24.8
Hugo_Sanchez,4433,00:03:04.666,84.1,22.9,66.9,24.6
Hugo_Sanchez,4434,00:03:04.708,84.4,22.9,66.9,24.4
Hugo_Sanchez,4435,00:03:04.750,84.6,22.9,66.8,24.3
Hugo_Sanchez,4436,00:03:04.791,84.8,22.9,66.8,24.3
Hugo_Sanchez,4437,00:03:04.833,85.1,22.9,66.9,24.2
Hugo_Sanchez,4438,00:03:04.875,85.5,22.9,66.9,24.2
Hugo_Sanchez,4439,00:03:04.916,84.3,22.9,66.9,24.2
Hugo_Sanchez,4440,00:03:04.958,81.8,22.9,66.9,24.1
Hugo_Sanchez,4441,00:03:05.000,81.2,22.9,67.0,24.1
Hugo_Sanchez,4442,00:03:05.041,81.7,22.9,67.0,24.1
Hugo_Sanchez,4443,00:03:05.083,82.4,22.9,67.0,24.1
Hugo_Sanchez,4444,00:03:05.125,83.5,22.9,67.0,24.0
Hugo_Sanchez,4445,00:03:05.166,84.7,22.9,67.0,24.0
Hugo_Sanchez,4446,00:03:05.208,85.1,22.9,67.0,24.0
Hugo_Sanchez,4447,00:03:05.250,85.3,22.9,67.0,24.0
Hugo_Sanchez,4448,00:03:05.291,85.3,22.9,67.0,23.9
Hugo_Sanchez,4449,00:03:05.333,85.2,22.9,67.0,23.9
Hugo_Sanchez,4450,00:03:05.375,85.0,22.9,67.0,23.9
Hugo_Sanchez,4451,00:03:05.416,84.9,22.9,67.0,23.9
Hugo_Sanchez,4452,00:03:05.458,84.8,22.9,67.0,23.9
Hugo_Sanchez,4453,00:03:05.500,84.7,22.9,67.0,23.9
Hugo_Sanchez,4454,00:03:05.541,84.7,22.9,67.1,23.9
Hugo_Sanchez,4455,00:03:05.583,84.7,22.9,67.1,23.8
Hugo_Sanchez,4456,00:03:05.625,84.7,22.9,67.2,23.8
Hugo_Sanchez,4457,00:03:05.666,84.7,22.9,67.2,23.8
Hugo_Sanchez,4458,00:03:05.708,84.7,22.9,67.2,23.8
Hugo_Sanchez,4459,00:03:05.750,84.5,22.9,67.3,23.8
Hugo_Sanchez,4460,00:03:05.791,84.1,22.9,67.3,23.8
Hugo_Sanchez,4461,00:03:05.833,83.8,22.9,67.3,23.9
